Publicado em 09/11 às 12:43;cód. 1081733925;80.000;IPVA pago,Não aceita troca;Carros, vans e utilitários,TOYOTA HILUX CD DX 4X4 3.0 8V 90CV DIESEL,TOYOTA,Pick-up,2004,101000,3.0 - 3.9,Diesel,Não,Manual,Hidráulica,Prata,4 portas,4;Categoria,Modelo,Marca,Tipo de veículo,Ano,Quilometragem,Potência do motor,Combustível,Kit GNV,Câmbio,Direção,Cor,Portas,Final de placa;Air bag,Trava elétrica,Ar condicionado,Alarme,Som,Câmera de ré;Profissional;São João Del Rei;https://mg.olx.com.br/regiao-de-juiz-de-fora/autos-e-pecas/carros-vans-e-utilitarios/hilux-dx-3-0-4x4-diesel-cd-2004-1081733925;09/11/2022
Publicado em 08/11 às 19:18;cód. 1083388252;24.800;Aceita troca,IPVA pago;Carros, vans e utilitários,VW - VOLKSWAGEN POLO 1.6 MI/ S.OURO 1.6MI 101CV 8V 5P,VW - VOLKSWAGEN,Hatch,2004,174000,1.6,Gasolina,Não,Manual,Hidráulica,Prata,4 portas,0;Categoria,Modelo,Marca,Tipo de veículo,Ano,Quilometragem,Potência do motor,Combustível,Kit GNV,Câmbio,Direção,Cor,Portas,Final de placa;Vidro elétrico,Trava elétrica,Ar condicionado,Alarme,Som;Profissional;Juiz de Fora;https://mg.olx.com.br/regiao-de-juiz-de-fora/autos-e-pecas/carros-vans-e-utilitarios/polo-1-6-completo-hatch-2004-1083388252;09/11/2022
Publicado em 03/11 às 18:08;cód. 1026410271;21.999;IPVA pago;Carros, vans e utilitários,VW - VOLKSWAGEN POLO 1.6 MI/ S.OURO 1.6MI 101CV 8V 5P,VW - VOLKSWAGEN,Hatch,2004,132681,1.6,Gasolina,Não,Manual,Hidráulica,Branco,4 portas,9;Categoria,Modelo,Marca,Tipo de veículo,Ano,Quilometragem,Potência do motor,Combustível,Kit GNV,Câmbio,Direção,Cor,Portas,Final de placa;Vidro elétrico,Trava elétrica,Ar condicionado,Direção hidráulica,Alarme,Som;Profissional;Muriaé;https://mg.olx.com.br/regiao-de-juiz-de-fora/autos-e-pecas/carros-vans-e-utilitarios/polo-hb-1-6-gasolina-2004-completo-1026410271;09/11/2022
Publicado em 02/11 às 21:35;cód. 1082357057;79.900;Aceita troca,IPVA pago;Carros, vans e utilitários,TOYOTA HILUX CD DX 4X4 3.0 8V 90CV DIESEL,TOYOTA,Pick-up,2004,101000,Diesel,Não,Manual,Hidráulica,Prata,4 portas;Categoria,Modelo,Marca,Tipo de veículo,Ano,Quilometragem,Combustível,Kit GNV,Câmbio,Direção,Cor,Portas;Vidro elétrico,Air bag,Trava elétrica,Ar condicionado,Alarme,Som;Profissional;São João Del Rei;https://mg.olx.com.br/regiao-de-juiz-de-fora/autos-e-pecas/carros-vans-e-utilitarios/hilux-2004-4x4-mais-nova-de-mg-1082357057;09/11/2022
Publicado em 25/10 às 21:29;cód. 1101695623;19.900;Aceita troca,IPVA pago;Carros, vans e utilitários,GM - CHEVROLET CELTA 1.4/ SUPER/ ENERGY 1.4 8V 85CV 5P,GM - CHEVROLET,Hatch,2004,201287,1.4,Gasolina,Não,Manual,Hidráulica,Preto,4 portas;Categoria,Modelo,Marca,Tipo de veículo,Ano,Quilometragem,Potência do motor,Combustível,Kit GNV,Câmbio,Direção,Cor,Portas;Vidro elétrico,Trava elétrica,Ar condicionado,Alarme,Som;Profissional;Juiz de Fora;https://mg.olx.com.br/regiao-de-juiz-de-fora/autos-e-pecas/carros-vans-e-utilitarios/gm-chevrolet-celta-energy-1-4-4p-completo-2004-1101695623;09/11/2022
Publicado em 01/10 às 09:06;cód. 1091465359;24.999;Aceita troca,IPVA pago;Carros, vans e utilitários,FORD ECOSPORT XLT 1.6/ 1.6 FLEX 8V 5P,FORD,SUV,2004,100000,1.6,Gasolina,Não,Manual,Hidráulica,Prata,4 portas,2;Categoria,Modelo,Marca,Tipo de veículo,Ano,Quilometragem,Potência do motor,Combustível,Kit GNV,Câmbio,Direção,Cor,Portas,Final de placa;Vidro elétrico,Trava elétrica,Ar condicionado,Alarme,Som;Profissional;Barbacena;https://mg.olx.com.br/regiao-de-juiz-de-fora/autos-e-pecas/carros-vans-e-utilitarios/ecosport-1091465359;09/11/2022
Publicado em 19/09 às 14:15;cód. 1060635253;16.900;Aceita troca,IPVA pago;Carros, vans e utilitários,GM - CHEVROLET CELTA 1.0/SUPER/N.PIQ.1.0 MPFI VHC 8V 3P,GM - CHEVROLET,Hatch,2004,280169,1.0,Gasolina,Manual,Preto,2 portas;Categoria,Modelo,Marca,Tipo de veículo,Ano,Quilometragem,Potência do motor,Combustível,Câmbio,Cor,Portas;Som;Profissional;Juiz de Fora;https://mg.olx.com.br/regiao-de-juiz-de-fora/autos-e-pecas/carros-vans-e-utilitarios/chevrolet-celta-1-0-vhc-2004-1060635253;09/11/2022
Publicado em 10/09 às 11:26;cód. 1043897252;54.900;Aceita troca,IPVA pago;Carros, vans e utilitários,FORD RANGER XLS 2.8/2.8 STORM  4X4 CD TB DIES,FORD,Pick-up,2004,293,2.0 - 2.9,Diesel,Não,Manual,Hidráulica,Preto,4 portas,5;Categoria,Modelo,Marca,Tipo de veículo,Ano,Quilometragem,Potência do motor,Combustível,Kit GNV,Câmbio,Direção,Cor,Portas,Final de placa;Vidro elétrico,Trava elétrica,Ar condicionado,Direção hidráulica,Alarme,Som;Profissional;Juiz de Fora;https://mg.olx.com.br/regiao-de-juiz-de-fora/autos-e-pecas/carros-vans-e-utilitarios/ranger-xls-2-8-turbo-diesel-4x4-2004-1043897252;09/11/2022
Publicado em 09/11 às 11:43;cód. 1107463388;23.900;Aceita troca,IPVA pago;Carros, vans e utilitários,FORD ECOSPORT XLT 1.6/ 1.6 FLEX 8V 5P,FORD,SUV,2004,107000,1.6,Gasolina,Não,Manual,Hidráulica,Vermelho,4 portas,9;Categoria,Modelo,Marca,Tipo de veículo,Ano,Quilometragem,Potência do motor,Combustível,Kit GNV,Câmbio,Direção,Cor,Portas,Final de placa;Vidro elétrico,Trava elétrica,Ar condicionado,Alarme,Som,Sensor de ré;Particular;Bicas;https://mg.olx.com.br/regiao-de-juiz-de-fora/autos-e-pecas/carros-vans-e-utilitarios/ecosport-1-6-xlt-1107463388;09/11/2022
Publicado em 09/11 às 11:19;cód. 1107445281;20.000;Não aceita troca;Carros, vans e utilitários,GM - CHEVROLET CORSA SED.PREM. 1.0/ 1.0 FLEXPOWER 8V 4P,GM - CHEVROLET,Sedã,2004,158000,1.0,Gasolina,Não,Manual,Hidráulica,Preto,4 portas,2;Categoria,Modelo,Marca,Tipo de veículo,Ano,Quilometragem,Potência do motor,Combustível,Kit GNV,Câmbio,Direção,Cor,Portas,Final de placa;Vidro elétrico,Trava elétrica,Ar condicionado,Alarme,Som;Particular;Juiz de Fora;https://mg.olx.com.br/regiao-de-juiz-de-fora/autos-e-pecas/carros-vans-e-utilitarios/corsa-sedan-completo-1107445281;09/11/2022
Publicado em 08/11 às 13:21;cód. 1106945853;58.000;Aceita troca,IPVA pago;Carros, vans e utilitários,TOYOTA HILUX CD DX 4X4 3.0 8V 90CV DIESEL,TOYOTA,2004,200000,3.0 - 3.9,Diesel,Não,Manual,Hidráulica,Prata,4 portas;Categoria,Modelo,Marca,Ano,Quilometragem,Potência do motor,Combustível,Kit GNV,Câmbio,Direção,Cor,Portas;Trava elétrica,Alarme,Som;Particular;Rio Pomba;https://mg.olx.com.br/regiao-de-juiz-de-fora/autos-e-pecas/carros-vans-e-utilitarios/hilux-2004-3-0-diesel-4x4-1106945853;09/11/2022
Publicado em 08/11 às 07:24;cód. 1106797111;24.900;Aceita troca,IPVA pago;Carros, vans e utilitários,VW - VOLKSWAGEN GOL 1.6 MI POWER TOTAL FLEX 8V 4P,VW - VOLKSWAGEN,Hatch,2004,131000,1.6,Flex,Não,Manual,Hidráulica,Branco,4 portas,3;Categoria,Modelo,Marca,Tipo de veículo,Ano,Quilometragem,Potência do motor,Combustível,Kit GNV,Câmbio,Direção,Cor,Portas,Final de placa;Air bag,Trava elétrica,Ar condicionado,Alarme,Som;Particular;Juiz de Fora;https://mg.olx.com.br/regiao-de-juiz-de-fora/autos-e-pecas/carros-vans-e-utilitarios/gol-g3-1-6-power-impecavel-1106797111;09/11/2022
Publicado em 07/11 às 21:12;cód. 1106716860;14.000;;Carros, vans e utilitários,FIAT PALIO 1.0/ TROFEO 1.0 FIRE/ FIRE FLEX 2P,FIAT,2004,178000,Vermelho,2 portas,Não;Categoria,Modelo,Marca,Ano,Quilometragem,Cor,Portas,Kit GNV;;Particular;Juiz de Fora;https://mg.olx.com.br/regiao-de-juiz-de-fora/autos-e-pecas/carros-vans-e-utilitarios/palio-fire-1-0-1106716860;09/11/2022
Publicado em 07/11 às 20:08;cód. 1106695454;12.000;Aceita troca,IPVA pago;Carros, vans e utilitários,GM - CHEVROLET CLASSIC LIFE/LS 1.0 VHC FLEXP. 4P,GM - CHEVROLET,Sedã,2004,140000,1.0,Gasolina,Não,Manual,Hidráulica,Branco,4 portas,3;Categoria,Modelo,Marca,Tipo de veículo,Ano,Quilometragem,Potência do motor,Combustível,Kit GNV,Câmbio,Direção,Cor,Portas,Final de placa;Trava elétrica,Alarme,Som;Particular;Juiz de Fora;https://mg.olx.com.br/regiao-de-juiz-de-fora/autos-e-pecas/carros-vans-e-utilitarios/corsa-clasic-1106695454;09/11/2022
Publicado em 07/11 às 18:11;cód. 1106652476;25.000;IPVA pago,Não aceita troca;Carros, vans e utilitários,HONDA CIVIC SEDAN LX 1.7 16V 115CV MEC. 4P,HONDA,Sedã,2004,120000,1.7,Gasolina,Não,Manual,Hidráulica,Prata,4 portas,7;Categoria,Modelo,Marca,Tipo de veículo,Ano,Quilometragem,Potência do motor,Combustível,Kit GNV,Câmbio,Direção,Cor,Portas,Final de placa;Vidro elétrico,Air bag,Trava elétrica,Ar condicionado,Alarme,Som;Particular;Juiz de Fora;https://mg.olx.com.br/regiao-de-juiz-de-fora/autos-e-pecas/carros-vans-e-utilitarios/vendo-honda-civic-2004-1106652476;09/11/2022
Publicado em 07/11 às 12:40;cód. 1106489250;48.000;Aceita troca,IPVA pago;Carros, vans e utilitários,NISSAN FRONTIER SE/ SE ONE CD 4X2 2.8 TDI DIES,NISSAN,Pick-up,2004,212600,2.0 - 2.9,Diesel,Não,Manual,Hidráulica,Cinza,4 portas,7;Categoria,Modelo,Marca,Tipo de veículo,Ano,Quilometragem,Potência do motor,Combustível,Kit GNV,Câmbio,Direção,Cor,Portas,Final de placa;Vidro elétrico,Air bag,Trava elétrica,Ar condicionado,Alarme,Som,Câmera de ré;Particular;Guarará;https://mg.olx.com.br/regiao-de-juiz-de-fora/autos-e-pecas/carros-vans-e-utilitarios/nissan-frontier-1106489250;09/11/2022
Publicado em 06/11 às 22:14;cód. 1106317954;15.800;IPVA pago,Não aceita troca;Carros, vans e utilitários,GM - CHEVROLET CELTA SPIRIT 1.0 MPFI VHC 8V 3P,GM - CHEVROLET,Hatch,2004,30,Gasolina,Não,Manual,Mecânica,Prata,2 portas,6;Categoria,Modelo,Marca,Tipo de veículo,Ano,Quilometragem,Combustível,Kit GNV,Câmbio,Direção,Cor,Portas,Final de placa;;Particular;Juiz de Fora;https://mg.olx.com.br/regiao-de-juiz-de-fora/autos-e-pecas/carros-vans-e-utilitarios/celta-1106317954;09/11/2022
Publicado em 06/11 às 19:39;cód. 1106279167;20.000;IPVA pago,Não aceita troca;Carros, vans e utilitários,VW - VOLKSWAGEN PARATI 1.6MI/1.6MI CITY/T.FIELD T.FLEX,VW - VOLKSWAGEN,2004,112000,1.6,Flex,Não,Manual,Hidráulica,Prata,4 portas,0;Categoria,Modelo,Marca,Ano,Quilometragem,Potência do motor,Combustível,Kit GNV,Câmbio,Direção,Cor,Portas,Final de placa;Ar condicionado,Som;Particular;Matias Barbosa;https://mg.olx.com.br/regiao-de-juiz-de-fora/autos-e-pecas/carros-vans-e-utilitarios/vw-parati-city-em-otimo-estado-1106279167;09/11/2022
Publicado em 06/11 às 10:45;cód. 1106113397;20.000;Aceita troca,IPVA pago;Carros, vans e utilitários,VW - VOLKSWAGEN SAVEIRO 1.6 MI/ 1.6 MI TOTAL FLEX 8V,VW - VOLKSWAGEN,Pick-up,2004,135000,1.6,Gasolina,Não,Manual,Mecânica,Prata,2 portas,5;Categoria,Modelo,Marca,Tipo de veículo,Ano,Quilometragem,Potência do motor,Combustível,Kit GNV,Câmbio,Direção,Cor,Portas,Final de placa;Som;Particular;Visconde do Rio Branco;https://mg.olx.com.br/regiao-de-juiz-de-fora/autos-e-pecas/carros-vans-e-utilitarios/vendo-saveiro-g3-1-6-1106113397;09/11/2022
Publicado em 05/11 às 13:06;cód. 1105852762;14.299;Aceita troca,IPVA pago;Carros, vans e utilitários,FIAT PALIO 1.0/ TROFEO 1.0 FIRE/ FIRE FLEX 4P,FIAT,Hatch,2004,180000,1.0,Gasolina,Não,Manual,Mecânica,Prata,4 portas,0;Categoria,Modelo,Marca,Tipo de veículo,Ano,Quilometragem,Potência do motor,Combustível,Kit GNV,Câmbio,Direção,Cor,Portas,Final de placa;;Particular;Juiz de Fora;https://mg.olx.com.br/regiao-de-juiz-de-fora/autos-e-pecas/carros-vans-e-utilitarios/palio-fire-1-0-1105852762;09/11/2022
Publicado em 04/11 às 19:17;cód. 1105627144;26.300;Aceita troca,IPVA pago;Carros, vans e utilitários,HONDA CIVIC SEDAN LX 1.7 16V 115CV MEC. 4P,HONDA,Sedã,2004,172000,1.7,Gasolina,Não,Manual,Hidráulica,Prata,4 portas,7;Categoria,Modelo,Marca,Tipo de veículo,Ano,Quilometragem,Potência do motor,Combustível,Kit GNV,Câmbio,Direção,Cor,Portas,Final de placa;Vidro elétrico,Air bag,Trava elétrica,Ar condicionado,Alarme,Som;Particular;São João Nepomuceno;https://mg.olx.com.br/regiao-de-juiz-de-fora/autos-e-pecas/carros-vans-e-utilitarios/honda-civic-em-excelente-estado-1105627144;09/11/2022
Publicado em 04/11 às 15:01;cód. 1092046390;115.000;;Carros, vans e utilitários,FORD F-250 XLT 4.2 TB DIESEL,FORD,2004,290000,4.0 ou mais,Diesel,Não,Manual,Hidráulica,Branco,2 portas;Categoria,Modelo,Marca,Ano,Quilometragem,Potência do motor,Combustível,Kit GNV,Câmbio,Direção,Cor,Portas;Vidro elétrico,Trava elétrica,Ar condicionado,Som;Particular;Ubá;https://mg.olx.com.br/regiao-de-juiz-de-fora/autos-e-pecas/carros-vans-e-utilitarios/f250-completa-2004-mwm-6-cilindros-diesel-1092046390;09/11/2022
Publicado em 04/11 às 08:18;cód. 1105373452;10.500;Não aceita troca;Carros, vans e utilitários,RENAULT CLIO RL / YAHOO/ AUTHENT. 1.0 8V 5P,RENAULT,Hatch,2004,150000,1.0,Gasolina,Não,Manual,Mecânica,Branco,4 portas,1;Categoria,Modelo,Marca,Tipo de veículo,Ano,Quilometragem,Potência do motor,Combustível,Kit GNV,Câmbio,Direção,Cor,Portas,Final de placa;Vidro elétrico,Trava elétrica;Particular;Juiz de Fora;https://mg.olx.com.br/regiao-de-juiz-de-fora/autos-e-pecas/carros-vans-e-utilitarios/clio-1-0-8v-super-economico-1105373452;09/11/2022
Publicado em 03/11 às 11:14;cód. 1105032324;16.000;Aceita troca,IPVA pago;Carros, vans e utilitários,FORD FIESTA SUPERCHARGER 1.0 8V 95CV 5P,FORD,Hatch,2004,205,1.0,Gasolina,Não,Manual,Hidráulica,4 portas,4;Categoria,Modelo,Marca,Tipo de veículo,Ano,Quilometragem,Potência do motor,Combustível,Kit GNV,Câmbio,Direção,Portas,Final de placa;Vidro elétrico,Trava elétrica,Ar condicionado,Alarme,Som,Câmera de ré;Particular;Barbacena;https://mg.olx.com.br/regiao-de-juiz-de-fora/autos-e-pecas/carros-vans-e-utilitarios/ford-fiesta-hatch-rocam-1105032324;09/11/2022
Publicado em 02/11 às 17:39;cód. 1104765172;25.999;Aceita troca,IPVA pago;Carros, vans e utilitários,TOYOTA COROLLA XEI 1.8/1.8 FLEX 16V MEC.,TOYOTA,Sedã,2004,185000,1.8,Flex,Não,Manual,Hidráulica,Preto,4 portas,7;Categoria,Modelo,Marca,Tipo de veículo,Ano,Quilometragem,Potência do motor,Combustível,Kit GNV,Câmbio,Direção,Cor,Portas,Final de placa;;Particular;Barbacena;https://mg.olx.com.br/regiao-de-juiz-de-fora/autos-e-pecas/carros-vans-e-utilitarios/toyota-corolla-2004-xei-troco-financio-1104765172;09/11/2022
Publicado em 01/11 às 15:11;cód. 1104356513;13.000;Aceita troca,IPVA pago;Carros, vans e utilitários,VW - VOLKSWAGEN GOL 1.0 TREND/ POWER 8V 4P,VW - VOLKSWAGEN,Conversível,2004,163,1.0,Flex,Não,Manual,Mecânica,Azul,4 portas,7;Categoria,Modelo,Marca,Tipo de veículo,Ano,Quilometragem,Potência do motor,Combustível,Kit GNV,Câmbio,Direção,Cor,Portas,Final de placa;;Particular;Barbacena;https://mg.olx.com.br/regiao-de-juiz-de-fora/autos-e-pecas/carros-vans-e-utilitarios/gol-2004-1104356513;09/11/2022
Publicado em 31/10 às 19:19;cód. 1104014626;21.000;Aceita troca,IPVA pago;Carros, vans e utilitários,FORD ECOSPORT XLS 1.6/ 1.6 FLEX 8V 5P,FORD,SUV,2004,148000,1.6,Manual,Hidráulica,Prata,4 portas,Não;Categoria,Modelo,Marca,Tipo de veículo,Ano,Quilometragem,Potência do motor,Câmbio,Direção,Cor,Portas,Kit GNV;Vidro elétrico,Air bag,Trava elétrica,Ar condicionado,Alarme;Particular;Juiz de Fora;https://mg.olx.com.br/regiao-de-juiz-de-fora/autos-e-pecas/carros-vans-e-utilitarios/vende-se-ecosport-03-40-1104014626;09/11/2022
Publicado em 31/10 às 19:16;cód. 1104011983;13.000;IPVA pago,Não aceita troca;Carros, vans e utilitários,FIAT PALIO YOUNG 1.0 MPI FIRE 8V 2P,FIAT,Hatch,2004,261000,1.0,Gasolina,Não,Manual,Mecânica,Prata,2 portas,0;Categoria,Modelo,Marca,Tipo de veículo,Ano,Quilometragem,Potência do motor,Combustível,Kit GNV,Câmbio,Direção,Cor,Portas,Final de placa;;Particular;Juiz de Fora;https://mg.olx.com.br/regiao-de-juiz-de-fora/autos-e-pecas/carros-vans-e-utilitarios/palio-fire-2004-1104011983;09/11/2022
Publicado em 30/10 às 20:03;cód. 1103684682;139.900;Aceita troca,IPVA pago;Carros, vans e utilitários,FORD F-250 XLT 4.2 180CV CD TB DIESEL,FORD,Pick-up,2004,214856,4.0 ou mais,Diesel,Não,Manual,Hidráulica,Prata,4 portas,6;Categoria,Modelo,Marca,Tipo de veículo,Ano,Quilometragem,Potência do motor,Combustível,Kit GNV,Câmbio,Direção,Cor,Portas,Final de placa;Vidro elétrico,Air bag,Trava elétrica,Ar condicionado,Alarme,Som,Sensor de ré,Câmera de ré;Particular;Ubá;https://mg.olx.com.br/regiao-de-juiz-de-fora/autos-e-pecas/carros-vans-e-utilitarios/f-250-cabine-dupla-1103684682;09/11/2022
Publicado em 27/10 às 07:32;cód. 1102302282;18.900;IPVA pago;Carros, vans e utilitários,FIAT SIENA 1.0/ EX 1.0 MPI FIRE/ FIRE FLEX 8V,FIAT,2004,96000,Manual,Vermelho,4 portas,Não;Categoria,Modelo,Marca,Ano,Quilometragem,Câmbio,Cor,Portas,Kit GNV;Vidro elétrico,Trava elétrica,Ar condicionado,Alarme,Som;Particular;Juiz de Fora;https://mg.olx.com.br/regiao-de-juiz-de-fora/autos-e-pecas/carros-vans-e-utilitarios/siena-fire-1-0-8v-1102302282;09/11/2022
Publicado em 26/10 às 18:07;cód. 1102113780;30.000;IPVA pago,Não aceita troca;Carros, vans e utilitários,TOYOTA COROLLA XEI 1.8/1.8 FLEX 16V AUT.,TOYOTA,Sedã,2004,210000,1.8,Gasolina,Não,Automático,Hidráulica,Prata,4 portas,9;Categoria,Modelo,Marca,Tipo de veículo,Ano,Quilometragem,Potência do motor,Combustível,Kit GNV,Câmbio,Direção,Cor,Portas,Final de placa;Vidro elétrico,Air bag,Trava elétrica,Ar condicionado,Alarme,Som,Sensor de ré;Particular;Juiz de Fora;https://mg.olx.com.br/regiao-de-juiz-de-fora/autos-e-pecas/carros-vans-e-utilitarios/corolla-xei-1-8-2004-1102113780;09/11/2022
Publicado em 26/10 às 13:18;cód. 1101966715;9.700;Carro Financiado,IPVA pago,Não aceita troca,Único dono;Carros, vans e utilitários,GM - CHEVROLET CELTA 1.0/ SUPER 1.0 MPFI VHC 8V 5P,GM - CHEVROLET,Hatch,2004,147000,1.0,Gasolina,Não,Manual,Hidráulica,Preto,4 portas,6;Categoria,Modelo,Marca,Tipo de veículo,Ano,Quilometragem,Potência do motor,Combustível,Kit GNV,Câmbio,Direção,Cor,Portas,Final de placa;Ar condicionado,Alarme;Particular;Juiz de Fora;https://mg.olx.com.br/regiao-de-juiz-de-fora/autos-e-pecas/carros-vans-e-utilitarios/gm-celta-super-vhc-1-0-8v-completo-2005-1101966715;09/11/2022
Publicado em 25/10 às 14:15;cód. 1101518647;22.000;IPVA pago,Não aceita troca,Único dono;Carros, vans e utilitários,FIAT STRADA 1.3 MPI FIRE 8V 67CV CE,FIAT,Pick-up,2004,420000,1.3,Gasolina,Não,Manual,Hidráulica,Branco,2 portas,5;Categoria,Modelo,Marca,Tipo de veículo,Ano,Quilometragem,Potência do motor,Combustível,Kit GNV,Câmbio,Direção,Cor,Portas,Final de placa;Vidro elétrico,Trava elétrica,Som;Particular;Muriaé;https://mg.olx.com.br/regiao-de-juiz-de-fora/autos-e-pecas/carros-vans-e-utilitarios/fiat-strada-1-3-fire-1101518647;09/11/2022
Publicado em 24/10 às 07:58;cód. 1100827105;100;;Carros, vans e utilitários,VW - VOLKSWAGEN GOL CITY 1.0 MI 8V 2P,VW - VOLKSWAGEN,2004,0,1.0,Gasolina,Não,Manual,Mecânica,Preto;Categoria,Modelo,Marca,Ano,Quilometragem,Potência do motor,Combustível,Kit GNV,Câmbio,Direção,Cor;;Particular;Juiz de Fora;https://mg.olx.com.br/regiao-de-juiz-de-fora/autos-e-pecas/carros-vans-e-utilitarios/para-choque-1100827105;09/11/2022
Publicado em 23/10 às 17:20;cód. 1100687622;25.000;IPVA pago,Não aceita troca;Carros, vans e utilitários,VW - VOLKSWAGEN POLO SEDAN 1.6 MI 101CV 8V 4P,VW - VOLKSWAGEN,Sedã,2004,163000,1.6,Gasolina,Não,Manual,Hidráulica,Cinza,4 portas,9;Categoria,Modelo,Marca,Tipo de veículo,Ano,Quilometragem,Potência do motor,Combustível,Kit GNV,Câmbio,Direção,Cor,Portas,Final de placa;Vidro elétrico,Trava elétrica,Ar condicionado,Alarme,Som,Câmera de ré;Particular;Barbacena;https://mg.olx.com.br/regiao-de-juiz-de-fora/autos-e-pecas/carros-vans-e-utilitarios/polo-sedan-2004-1-6-completo-1100687622;09/11/2022
Publicado em 23/10 às 07:18;cód. 1100512297;24.000;Aceita troca;Carros, vans e utilitários,HONDA CIVIC SEDAN LX 1.7 16V 115CV MEC. 4P,HONDA,Sedã,2004,195000,1.7,Gasolina,Não,Manual,Hidráulica,Prata,4 portas,2;Categoria,Modelo,Marca,Tipo de veículo,Ano,Quilometragem,Potência do motor,Combustível,Kit GNV,Câmbio,Direção,Cor,Portas,Final de placa;Vidro elétrico,Air bag,Trava elétrica,Ar condicionado,Alarme,Som;Particular;Barbacena;https://mg.olx.com.br/regiao-de-juiz-de-fora/autos-e-pecas/carros-vans-e-utilitarios/vendo-honda-civic-1100512297;09/11/2022
Publicado em 22/10 às 09:53;cód. 1100203460;24.000;IPVA pago,Não aceita troca;Carros, vans e utilitários,VW - VOLKSWAGEN PARATI 1.8 MI PLUS TOTAL FLEX 8V 4P,VW - VOLKSWAGEN,SUV,2004,195000,1.8,Gasolina,Não,Manual,Hidráulica,Cinza,4 portas,6;Categoria,Modelo,Marca,Tipo de veículo,Ano,Quilometragem,Potência do motor,Combustível,Kit GNV,Câmbio,Direção,Cor,Portas,Final de placa;Vidro elétrico,Air bag,Trava elétrica,Ar condicionado,Alarme,Som;Particular;Juiz de Fora;https://mg.olx.com.br/regiao-de-juiz-de-fora/autos-e-pecas/carros-vans-e-utilitarios/parati-2004-plus-1100203460;09/11/2022
Publicado em 21/10 às 08:38;cód. 1097123888;10.000;Não aceita troca;Carros, vans e utilitários,RENAULT SCENIC ALIZE/ EXPRESSION 1.6 16V MEC.,RENAULT,2004,126350,1.6,Gasolina,Não,Manual,Preto,4 portas,3;Categoria,Modelo,Marca,Ano,Quilometragem,Potência do motor,Combustível,Kit GNV,Câmbio,Cor,Portas,Final de placa;;Particular;Juiz de Fora;https://mg.olx.com.br/regiao-de-juiz-de-fora/autos-e-pecas/carros-vans-e-utilitarios/scenic-2004-1097123888;09/11/2022
Publicado em 21/10 às 08:03;cód. 1099711025;23.000;;Carros, vans e utilitários,GM - CHEVROLET ASTRA 2.0 8V/ CD 2.0 8V HATCHBACK 5P MEC,GM - CHEVROLET,Hatch,2004,150000,2.0 - 2.9,Gasolina,Não,Manual,Hidráulica,Prata,4 portas,1;Categoria,Modelo,Marca,Tipo de veículo,Ano,Quilometragem,Potência do motor,Combustível,Kit GNV,Câmbio,Direção,Cor,Portas,Final de placa;Vidro elétrico,Trava elétrica,Ar condicionado,Alarme,Som;Particular;Barbacena;https://mg.olx.com.br/regiao-de-juiz-de-fora/autos-e-pecas/carros-vans-e-utilitarios/astra-cd-2003-2004-vendo-ou-troco-por-punto-ou-palio-1099711025;09/11/2022
Publicado em 18/10 às 13:54;cód. 1098400923;15.000;IPVA pago,Não aceita troca;Carros, vans e utilitários,FORD KA ACTION 1.6 MPI 8V 95CV,FORD,Hatch,2004,87000,1.6,Gasolina,Não,Manual,Hidráulica,Preto,2 portas;Categoria,Modelo,Marca,Tipo de veículo,Ano,Quilometragem,Potência do motor,Combustível,Kit GNV,Câmbio,Direção,Cor,Portas;Vidro elétrico,Trava elétrica,Ar condicionado,Alarme,Som;Particular;Juiz de Fora;https://mg.olx.com.br/regiao-de-juiz-de-fora/autos-e-pecas/carros-vans-e-utilitarios/vendo-ford-kar-1098400923;09/11/2022
Publicado em 16/10 às 15:53;cód. 1097596406;17.500;Aceita troca,IPVA pago;Carros, vans e utilitários,GM - CHEVROLET ASTRA COMFORT 2.0 MPFI FLEXPOWER 8V 5P,GM - CHEVROLET,Conversível,2004,1137,2.0 - 2.9,Flex,Não,Manual,Hidráulica,Preto,4 portas,9;Categoria,Modelo,Marca,Tipo de veículo,Ano,Quilometragem,Potência do motor,Combustível,Kit GNV,Câmbio,Direção,Cor,Portas,Final de placa;Vidro elétrico,Trava elétrica,Ar condicionado,Alarme;Particular;Mar de Espanha;https://mg.olx.com.br/regiao-de-juiz-de-fora/autos-e-pecas/carros-vans-e-utilitarios/astra-cedan-2-0-completo-1097596406;09/11/2022
Publicado em 16/10 às 10:12;cód. 1097492040;14.500;Aceita troca,IPVA pago,Único dono;Carros, vans e utilitários,PEUGEOT 206 SOLEIL 1.6 16V 110CV 5P,PEUGEOT,Hatch,2004,196300,1.6,Gasolina,Não,Manual,Hidráulica,Prata,4 portas,0;Categoria,Modelo,Marca,Tipo de veículo,Ano,Quilometragem,Potência do motor,Combustível,Kit GNV,Câmbio,Direção,Cor,Portas,Final de placa;Vidro elétrico,Trava elétrica,Ar condicionado,Alarme,Som;Particular;Juiz de Fora;https://mg.olx.com.br/regiao-de-juiz-de-fora/autos-e-pecas/carros-vans-e-utilitarios/peugeot-206-1-6-com-bancos-de-couro-1097492040;09/11/2022
Publicado em 14/10 às 16:26;cód. 1096897224;24.000;Não aceita troca;Carros, vans e utilitários,GM - CHEVROLET MONTANA  SPORT 1.8 MPFI FLEXPOWER 8V,GM - CHEVROLET,Pick-up,2004,156000,1.8,Flex,Não,Manual,Hidráulica,Prata,2 portas;Categoria,Modelo,Marca,Tipo de veículo,Ano,Quilometragem,Potência do motor,Combustível,Kit GNV,Câmbio,Direção,Cor,Portas;Vidro elétrico,Trava elétrica,Ar condicionado,Sensor de ré;Particular;Juiz de Fora;https://mg.olx.com.br/regiao-de-juiz-de-fora/autos-e-pecas/carros-vans-e-utilitarios/montana-sporte-2005-1096897224;09/11/2022
Publicado em 14/10 às 14:21;cód. 1025504875;51.000;IPVA pago,Não aceita troca;Carros, vans e utilitários,BMW X5 4.4 4X4,BMW,SUV,2004,96000,Gasolina,Não,Automático,Hidráulica,Prata,4 portas,2;Categoria,Modelo,Marca,Tipo de veículo,Ano,Quilometragem,Combustível,Kit GNV,Câmbio,Direção,Cor,Portas,Final de placa;Vidro elétrico,Air bag,Trava elétrica,Ar condicionado,Direção hidráulica,Alarme,Som,Sensor de ré,Câmera de ré;Particular;Juiz de Fora;https://mg.olx.com.br/regiao-de-juiz-de-fora/autos-e-pecas/carros-vans-e-utilitarios/bmw-x5-sport-2004-1025504875;09/11/2022
Publicado em 13/10 às 21:17;cód. 1096509833;14.000;IPVA pago,Não aceita troca;Carros, vans e utilitários,FIAT PALIO ELX 1.0/ 1.0 FIRE FLEX 8V 2P,FIAT,Hatch,2004,150000,1.0,Gasolina,Não,Manual,Hidráulica,Outra,3;Categoria,Modelo,Marca,Tipo de veículo,Ano,Quilometragem,Potência do motor,Combustível,Kit GNV,Câmbio,Direção,Cor,Final de placa;;Particular;Senador Cortes;https://mg.olx.com.br/regiao-de-juiz-de-fora/autos-e-pecas/carros-vans-e-utilitarios/vendo-palio-1096509833;09/11/2022
Publicado em 13/10 às 19:09;cód. 1096450854;22.000;;Carros, vans e utilitários,VW - VOLKSWAGEN GOLF 2.0/ 2.0 MI FLEX COMFORTLINE/ SPORT,VW - VOLKSWAGEN,2004,1111111111,2.0 - 2.9,Gasolina,Não,Manual,Hidráulica,Preto,4 portas,9;Categoria,Modelo,Marca,Ano,Quilometragem,Potência do motor,Combustível,Kit GNV,Câmbio,Direção,Cor,Portas,Final de placa;Vidro elétrico,Air bag,Trava elétrica,Ar condicionado,Alarme;Particular;Chácara;https://mg.olx.com.br/regiao-de-juiz-de-fora/autos-e-pecas/carros-vans-e-utilitarios/vendo-golf-2004-1096450854;09/11/2022
Publicado em 09/10 às 20:02;cód. 1094730901;49.000;Aceita troca,IPVA pago;Carros, vans e utilitários,MITSUBISHI L200 SPORT HPE 2.5 4X4 CD DTI DIES. AUT.,MITSUBISHI,Pick-up,2004,230000,2.0 - 2.9,Diesel,Não,Automático,Hidráulica,Prata,4 portas;Categoria,Modelo,Marca,Tipo de veículo,Ano,Quilometragem,Potência do motor,Combustível,Kit GNV,Câmbio,Direção,Cor,Portas;Vidro elétrico,Air bag,Trava elétrica,Ar condicionado,Alarme,Som;Particular;Liberdade;https://mg.olx.com.br/regiao-de-juiz-de-fora/autos-e-pecas/carros-vans-e-utilitarios/l200-4x4-diesel-automatica-1094730901;09/11/2022
Publicado em 09/10 às 07:39;cód. 1094525627;45.000;Aceita troca,IPVA pago;Carros, vans e utilitários,MERCEDES-BENZ 300-E 3.0,MERCEDES-BENZ,Van/Utilitário,2004,0,1.8,Diesel,Não,Manual,Hidráulica,Branco,4 portas;Categoria,Modelo,Marca,Tipo de veículo,Ano,Quilometragem,Potência do motor,Combustível,Kit GNV,Câmbio,Direção,Cor,Portas;Ar condicionado;Particular;Bicas;https://mg.olx.com.br/regiao-de-juiz-de-fora/autos-e-pecas/carros-vans-e-utilitarios/splinter-16-lugares-1094525627;09/11/2022
Publicado em 07/10 às 16:30;cód. 1093967378;16.000;Aceita troca,IPVA pago;Carros, vans e utilitários,FORD FIESTA SUPERCHARGER 1.0 8V 95CV 5P,FORD,Hatch,2004,205,1.0,Gasolina,Não,Manual,Hidráulica,Prata,4 portas,4;Categoria,Modelo,Marca,Tipo de veículo,Ano,Quilometragem,Potência do motor,Combustível,Kit GNV,Câmbio,Direção,Cor,Portas,Final de placa;Vidro elétrico,Trava elétrica,Ar condicionado,Alarme,Som,Câmera de ré;Particular;Barbacena;https://mg.olx.com.br/regiao-de-juiz-de-fora/autos-e-pecas/carros-vans-e-utilitarios/ford-fiesta-hatch-1093967378;09/11/2022
Publicado em 06/10 às 15:45;cód. 1093507454;31.000;IPVA pago,Não aceita troca;Carros, vans e utilitários,TOYOTA COROLLA XEI 1.8/1.8 FLEX 16V AUT.,TOYOTA,Sedã,2004,179000,1.8,Gasolina,Não,Automático,Hidráulica,Cinza,4 portas,6;Categoria,Modelo,Marca,Tipo de veículo,Ano,Quilometragem,Potência do motor,Combustível,Kit GNV,Câmbio,Direção,Cor,Portas,Final de placa;Vidro elétrico,Air bag,Trava elétrica,Ar condicionado,Alarme,Som;Particular;Ervália;https://mg.olx.com.br/regiao-de-juiz-de-fora/autos-e-pecas/carros-vans-e-utilitarios/corolla-xei-aut-2004-1093507454;09/11/2022
Publicado em 05/10 às 16:43;cód. 1092959404;22.500;Aceita troca,IPVA pago;Carros, vans e utilitários,VW - VOLKSWAGEN GOL 1.6 MI POWER TOTAL FLEX 8V 4P,VW - VOLKSWAGEN,Hatch,2004,113000,1.6,Flex,Não,Manual,Hidráulica,Prata,4 portas,6;Categoria,Modelo,Marca,Tipo de veículo,Ano,Quilometragem,Potência do motor,Combustível,Kit GNV,Câmbio,Direção,Cor,Portas,Final de placa;Vidro elétrico,Trava elétrica,Ar condicionado,Alarme,Som;Particular;Santana de Cataguases;https://mg.olx.com.br/regiao-de-juiz-de-fora/autos-e-pecas/carros-vans-e-utilitarios/gol-2004-power-1-6-1092959404;09/11/2022
Publicado em 04/10 às 21:22;cód. 1092672864;15.000;IPVA pago,Não aceita troca;Carros, vans e utilitários,FIAT SIENA 1.0/ EX 1.0 MPI FIRE/ FIRE FLEX 8V,FIAT,Sedã,2004,1,1.0,Gasolina,Não,Manual,Hidráulica,Prata,4 portas,4;Categoria,Modelo,Marca,Tipo de veículo,Ano,Quilometragem,Potência do motor,Combustível,Kit GNV,Câmbio,Direção,Cor,Portas,Final de placa;Vidro elétrico,Trava elétrica,Alarme,Som,Sensor de ré,Câmera de ré;Particular;Juiz de Fora;https://mg.olx.com.br/regiao-de-juiz-de-fora/autos-e-pecas/carros-vans-e-utilitarios/vende-se-siena-1092672864;09/11/2022
Publicado em 04/10 às 11:59;cód. 1065428409;23.900;Aceita troca,IPVA pago;Carros, vans e utilitários,GM - CHEVROLET CORSA SEDAN 1.8 MPFI FLEXPOWER 8V 4P,GM - CHEVROLET,Sedã,2004,168500,1.8,Flex,Não,Manual,Hidráulica,Prata,4 portas,5;Categoria,Modelo,Marca,Tipo de veículo,Ano,Quilometragem,Potência do motor,Combustível,Kit GNV,Câmbio,Direção,Cor,Portas,Final de placa;Vidro elétrico,Trava elétrica,Ar condicionado,Alarme,Som;Particular;Matias Barbosa;https://mg.olx.com.br/regiao-de-juiz-de-fora/autos-e-pecas/carros-vans-e-utilitarios/corsa-sedan-1-8-o-mais-novo-do-brasil-1065428409;09/11/2022
Publicado em 04/10 às 10:48;cód. 1092423484;18.000;Aceita troca;Carros, vans e utilitários,VW - VOLKSWAGEN POLO SEDAN 1.6 MI 101CV 8V 4P,VW - VOLKSWAGEN,Sedã,2004,231000,1.6,Gasolina,Sim,Manual,Hidráulica,Preto,4 portas,5;Categoria,Modelo,Marca,Tipo de veículo,Ano,Quilometragem,Potência do motor,Combustível,Kit GNV,Câmbio,Direção,Cor,Portas,Final de placa;Vidro elétrico,Trava elétrica,Ar condicionado,Alarme,Som;Particular;Juiz de Fora;https://mg.olx.com.br/regiao-de-juiz-de-fora/autos-e-pecas/carros-vans-e-utilitarios/polo-2004-1-6-com-gnv-1092423484;09/11/2022
Publicado em 01/10 às 11:48;cód. 1091513320;20.000;Aceita troca,IPVA pago;Carros, vans e utilitários,FIAT STILO 1.8/ 1.8 CONNECT 8V 103CV 5P,FIAT,Hatch,2004,160000,1.8,Gasolina,Não,Manual,Elétrica,Azul,4 portas,2;Categoria,Modelo,Marca,Tipo de veículo,Ano,Quilometragem,Potência do motor,Combustível,Kit GNV,Câmbio,Direção,Cor,Portas,Final de placa;Vidro elétrico,Air bag,Trava elétrica,Ar condicionado,Alarme,Som,Sensor de ré,Câmera de ré;Particular;Juiz de Fora;https://mg.olx.com.br/regiao-de-juiz-de-fora/autos-e-pecas/carros-vans-e-utilitarios/stilo-muito-novo-1091513320;09/11/2022
Publicado em 29/09 às 14:48;cód. 1090763239;7.000;IPVA pago,Não aceita troca;Carros, vans e utilitários,GM - CHEVROLET CORSA SED. MAXX 1.0/ 1.0 FLEXPOWER 8V 4P,GM - CHEVROLET,Sedã,2004,148000,1.0,Flex,Não,Manual,Hidráulica,Preto,4 portas,2;Categoria,Modelo,Marca,Tipo de veículo,Ano,Quilometragem,Potência do motor,Combustível,Kit GNV,Câmbio,Direção,Cor,Portas,Final de placa;Trava elétrica,Alarme;Particular;Juiz de Fora;https://mg.olx.com.br/regiao-de-juiz-de-fora/autos-e-pecas/carros-vans-e-utilitarios/corsa-2004-flex-1090763239;09/11/2022
Publicado em 26/09 às 22:31;cód. 1089476363;27.900;Aceita troca,IPVA pago;Carros, vans e utilitários,VW - VOLKSWAGEN GOLF 1.6MI/ 1.6MI GENER./BLACK & SILVER,VW - VOLKSWAGEN,Hatch,2004,11111111,1.6,Gasolina,Não,Manual,Hidráulica,Prata,4 portas,1;Categoria,Modelo,Marca,Tipo de veículo,Ano,Quilometragem,Potência do motor,Combustível,Kit GNV,Câmbio,Direção,Cor,Portas,Final de placa;Vidro elétrico,Trava elétrica,Ar condicionado,Alarme,Som;Particular;Juiz de Fora;https://mg.olx.com.br/regiao-de-juiz-de-fora/autos-e-pecas/carros-vans-e-utilitarios/vendo-ou-troco-em-um-carro-de-menor-valor-e-pego-a-volta-1089476363;09/11/2022
Publicado em 15/09 às 11:12;cód. 1084599838;22.000;Aceita troca,IPVA pago;Carros, vans e utilitários,AUDI A3 1.8 5P MEC.,AUDI,Hatch,2004,0,1.8,Gasolina,Não,Manual,Hidráulica,Preto,4 portas,0;Categoria,Modelo,Marca,Tipo de veículo,Ano,Quilometragem,Potência do motor,Combustível,Kit GNV,Câmbio,Direção,Cor,Portas,Final de placa;Vidro elétrico,Air bag,Trava elétrica,Ar condicionado,Alarme;Particular;Juiz de Fora;https://mg.olx.com.br/regiao-de-juiz-de-fora/autos-e-pecas/carros-vans-e-utilitarios/audi-a3-1084599838;09/11/2022
Publicado em 14/09 às 11:58;cód. 1084101720;55.000;Aceita troca,Carro de leilão,IPVA pago;Carros, vans e utilitários,MERCEDES-BENZ SPRINTER 311 FURGÃO LONGO 2.2  DIES,MERCEDES-BENZ,Van/Utilitário,2004,375764,1.9,Diesel,Não,Manual,Hidráulica,Branco,4 portas,1;Categoria,Modelo,Marca,Tipo de veículo,Ano,Quilometragem,Potência do motor,Combustível,Kit GNV,Câmbio,Direção,Cor,Portas,Final de placa;Vidro elétrico,Som,Sensor de ré;Particular;Juiz de Fora;https://mg.olx.com.br/regiao-de-juiz-de-fora/autos-e-pecas/carros-vans-e-utilitarios/vendo-splinterf-311cdi-1084101720;09/11/2022
Publicado em 13/09 às 23:54;cód. 1083937934;14.000;IPVA pago,Não aceita troca;Carros, vans e utilitários,GM - CHEVROLET CORSA SED.WIND 1.0/MILLENIUM/CLASSIC VHC,GM - CHEVROLET,Sedã,2004,156000,1.0,Gasolina,Não,Manual,Mecânica,Cinza,4 portas,3;Categoria,Modelo,Marca,Tipo de veículo,Ano,Quilometragem,Potência do motor,Combustível,Kit GNV,Câmbio,Direção,Cor,Portas,Final de placa;Trava elétrica,Som;Particular;Juiz de Fora;https://mg.olx.com.br/regiao-de-juiz-de-fora/autos-e-pecas/carros-vans-e-utilitarios/corsa-1-0-1083937934;09/11/2022
Publicado em 13/09 às 19:58;cód. 1083868831;3.500;Aceita troca,Carro de leilão,Com multa,IPVA pago;Carros, vans e utilitários,VW - VOLKSWAGEN FOX 1.0 MI TOTAL FLEX 8V 3P,VW - VOLKSWAGEN,Hatch,2004,1000,1.0,Flex,Não,Manual,Hidráulica,Prata,4 portas,9;Categoria,Modelo,Marca,Tipo de veículo,Ano,Quilometragem,Potência do motor,Combustível,Kit GNV,Câmbio,Direção,Cor,Portas,Final de placa;;Particular;Juiz de Fora;https://mg.olx.com.br/regiao-de-juiz-de-fora/autos-e-pecas/carros-vans-e-utilitarios/assumo-financiamento-1083868831;09/11/2022
