Publicado em 07/11 às 08:22;cód. 1106385335;15.000;Aceita troca,IPVA pago;Carros, vans e utilitários,VW - VOLKSWAGEN PARATI CL 1.8 MI 2P E 4P,VW - VOLKSWAGEN,Van/Utilitário,1993,150000,1.8,Gasolina,Não,Manual,Mecânica,Verde,2 portas,1;Categoria,Modelo,Marca,Tipo de veículo,Ano,Quilometragem,Potência do motor,Combustível,Kit GNV,Câmbio,Direção,Cor,Portas,Final de placa;;Profissional;Sete Lagoas;https://mg.olx.com.br/belo-horizonte-e-regiao/autos-e-pecas/carros-vans-e-utilitarios/vendo-parati-cl-ap-gasolina-93-1106385335;07/11/2022
Publicado em 06/11 às 15:33;cód. 1085113687;179.900;Aceita troca,IPVA pago,Único dono;Carros, vans e utilitários,MERCEDES-BENZ E-320,MERCEDES-BENZ,Sedã,1993,130201,3.0 - 3.9,Gasolina,Não,Automático,Hidráulica,Preto,2 portas,0;Categoria,Modelo,Marca,Tipo de veículo,Ano,Quilometragem,Potência do motor,Combustível,Kit GNV,Câmbio,Direção,Cor,Portas,Final de placa;Vidro elétrico,Air bag,Trava elétrica,Ar condicionado,Alarme,Som,Sensor de ré,Câmera de ré;Profissional;Belo Horizonte;https://mg.olx.com.br/belo-horizonte-e-regiao/autos-e-pecas/carros-vans-e-utilitarios/mercedes-benz-ce-320-w124-coupe-1993-impecavel-para-colecionadores-estudamos-trocas-1085113687;07/11/2022
Publicado em 05/11 às 23:26;cód. 1069801427;78.000;Aceita troca,IPVA pago;Carros, vans e utilitários,GM - CHEVROLET D-20 4.0 CHAMP/CONQUEST/EL CAMINHO DIES.,GM - CHEVROLET,Pick-up,1993,386499,3.0 - 3.9,Diesel,Não,Manual,Hidráulica,Branco,4 portas,2;Categoria,Modelo,Marca,Tipo de veículo,Ano,Quilometragem,Potência do motor,Combustível,Kit GNV,Câmbio,Direção,Cor,Portas,Final de placa;Vidro elétrico,Trava elétrica,Ar condicionado,Alarme,Som;Profissional;Belo Horizonte;https://mg.olx.com.br/belo-horizonte-e-regiao/autos-e-pecas/carros-vans-e-utilitarios/d20-ano-1993-1069801427;07/11/2022
Publicado em 03/11 às 14:33;cód. 1001329625;58.900;Aceita troca,IPVA pago;Carros, vans e utilitários,BMW 325IA,BMW,Sedã,1993,71000,2.0 - 2.9,Gasolina,Automático,Hidráulica,Preto,4 portas,0;Categoria,Modelo,Marca,Tipo de veículo,Ano,Quilometragem,Potência do motor,Combustível,Câmbio,Direção,Cor,Portas,Final de placa;Vidro elétrico,Trava elétrica,Ar condicionado,Direção hidráulica;Profissional;Belo Horizonte;https://mg.olx.com.br/belo-horizonte-e-regiao/autos-e-pecas/carros-vans-e-utilitarios/bmw-325ia-sc2-regino-teto-solar-71-mil-km-originais-1001329625;07/11/2022
Publicado em 02/11 às 13:43;cód. 1002276630;19.900;Aceita troca;Carros, vans e utilitários,GM - CHEVROLET CHEVETTE,GM - CHEVROLET,1993,111,Álcool,Manual,Mecânica,Outra,2 portas,7;Categoria,Modelo,Marca,Ano,Quilometragem,Combustível,Câmbio,Direção,Cor,Portas,Final de placa;Vidro elétrico,Trava elétrica,Alarme;Profissional;Igarapé;https://mg.olx.com.br/belo-horizonte-e-regiao/autos-e-pecas/carros-vans-e-utilitarios/chevette-l-1002276630;07/11/2022
Publicado em 31/10 às 17:06;cód. 1103958353;12.000;Aceita troca,IPVA pago;Carros, vans e utilitários,VW - VOLKSWAGEN SAVEIRO CL/ SUMMER 1.8 MI E 1.8,VW - VOLKSWAGEN,Pick-up,1993,0,1.8,Manual,Mecânica,Outra,2 portas,4,Não;Categoria,Modelo,Marca,Tipo de veículo,Ano,Quilometragem,Potência do motor,Câmbio,Direção,Cor,Portas,Final de placa,Kit GNV;;Profissional;Betim;https://mg.olx.com.br/belo-horizonte-e-regiao/autos-e-pecas/carros-vans-e-utilitarios/vendo-ou-troco-por-picape-mais-nova-1103958353;07/11/2022
Publicado em 28/10 às 17:56;cód. 1103067629;27.900;Aceita troca,IPVA pago;Carros, vans e utilitários,GM - CHEVROLET CHEVETTE L / SL / SL/E / DL / SE 1.6,GM - CHEVROLET,Sedã,1993,28000,1.6,Gasolina,Não,Manual,Mecânica,Prata,2 portas,4;Categoria,Modelo,Marca,Tipo de veículo,Ano,Quilometragem,Potência do motor,Combustível,Kit GNV,Câmbio,Direção,Cor,Portas,Final de placa;;Profissional;Contagem;https://mg.olx.com.br/belo-horizonte-e-regiao/autos-e-pecas/carros-vans-e-utilitarios/chevette-l-ano-93-impecavel-1103067629;07/11/2022
Publicado em 28/10 às 12:38;cód. 1102940220;32.900;Aceita troca,IPVA pago;Carros, vans e utilitários,FIAT UNO 1.6R MPI / 1.6R / 1.5R,FIAT,Hatch,1993,245,1.6,Gasolina,Não,Manual,Mecânica,Prata,2 portas,0;Categoria,Modelo,Marca,Tipo de veículo,Ano,Quilometragem,Potência do motor,Combustível,Kit GNV,Câmbio,Direção,Cor,Portas,Final de placa;Vidro elétrico,Trava elétrica,Ar condicionado,Alarme,Som;Profissional;Belo Horizonte;https://mg.olx.com.br/belo-horizonte-e-regiao/autos-e-pecas/carros-vans-e-utilitarios/uno-1-6r-raridade-1102940220;07/11/2022
Publicado em 27/10 às 19:58;cód. 957245872;44.990;;Carros, vans e utilitários,VW - VOLKSWAGEN GOL GLI / GL/ ATLANTA 1.8,VW - VOLKSWAGEN,Passeio,1993,109900,Gasolina,Manual,2 portas,2;Categoria,Modelo,Marca,Tipo de veículo,Ano,Quilometragem,Combustível,Câmbio,Portas,Final de placa;;Profissional;Belo Horizonte;https://mg.olx.com.br/belo-horizonte-e-regiao/autos-e-pecas/carros-vans-e-utilitarios/gol-1993-1993-1-8-gl-8v-gasolina-2p-manual-957245872;07/11/2022
Publicado em 27/10 às 10:16;cód. 1102364586;65.000;Aceita troca,IPVA pago;Carros, vans e utilitários,GM - CHEVROLET OMEGA CD 4.1 / 3.0,GM - CHEVROLET,Sedã,1993,63000,3.0 - 3.9,Gasolina,Não,Manual,Hidráulica,Vermelho,4 portas,5;Categoria,Modelo,Marca,Tipo de veículo,Ano,Quilometragem,Potência do motor,Combustível,Kit GNV,Câmbio,Direção,Cor,Portas,Final de placa;Vidro elétrico,Trava elétrica,Ar condicionado,Alarme,Som;Profissional;Contagem;https://mg.olx.com.br/belo-horizonte-e-regiao/autos-e-pecas/carros-vans-e-utilitarios/omega-cd-3-0i-1993-com-teto-91-000km-raridade-1102364586;07/11/2022
Publicado em 27/10 às 08:10;cód. 1102312725;12.900;Aceita troca,IPVA pago;Carros, vans e utilitários,FIAT UNO MILLE 1.0 ELECTRONIC 4P,FIAT,Hatch,1993,0,1.0,Gasolina,Não,Manual,Mecânica,Preto,4 portas,7;Categoria,Modelo,Marca,Tipo de veículo,Ano,Quilometragem,Potência do motor,Combustível,Kit GNV,Câmbio,Direção,Cor,Portas,Final de placa;;Profissional;Belo Horizonte;https://mg.olx.com.br/belo-horizonte-e-regiao/autos-e-pecas/carros-vans-e-utilitarios/uno-93-fino-1102312725;07/11/2022
Publicado em 26/10 às 15:17;cód. 1078491473;22.900;IPVA pago,Não aceita troca;Carros, vans e utilitários,GM - CHEVROLET MONZA SL/E SR 2.0,GM - CHEVROLET,Sedã,1993,112000,1.8,Álcool,Não,Manual,Hidráulica,Azul,2 portas,6;Categoria,Modelo,Marca,Tipo de veículo,Ano,Quilometragem,Potência do motor,Combustível,Kit GNV,Câmbio,Direção,Cor,Portas,Final de placa;Vidro elétrico,Trava elétrica,Ar condicionado,Alarme,Som;Profissional;Belo Horizonte;https://mg.olx.com.br/belo-horizonte-e-regiao/autos-e-pecas/carros-vans-e-utilitarios/monza-sl-e-1993-efi-2-0-2-portas-veiculo-para-colecionador-completo-1078491473;07/11/2022
Publicado em 24/10 às 19:51;cód. 944959718;22.900;;Carros, vans e utilitários,VW - VOLKSWAGEN PARATI GLI / GL 1.8,VW - VOLKSWAGEN,Hatch,1993,301843,1.8,Gasolina,Manual,Mecânica,Outra,2 portas,8;Categoria,Modelo,Marca,Tipo de veículo,Ano,Quilometragem,Potência do motor,Combustível,Câmbio,Direção,Cor,Portas,Final de placa;Vidro elétrico,Trava elétrica,Alarme,Som;Profissional;Contagem;https://mg.olx.com.br/belo-horizonte-e-regiao/autos-e-pecas/carros-vans-e-utilitarios/parati-gl-1-8-ap--reliquia-944959718;07/11/2022
Publicado em 21/10 às 15:05;cód. 992127294;19.900;Aceita troca,IPVA pago;Carros, vans e utilitários,FIAT UNO 1.6R MPI / 1.6R / 1.5R,FIAT,Hatch,1993,60000,1.6,Gasolina,Manual,Preto,2 portas,0;Categoria,Modelo,Marca,Tipo de veículo,Ano,Quilometragem,Potência do motor,Combustível,Câmbio,Cor,Portas,Final de placa;Vidro elétrico,Trava elétrica,Ar condicionado,Alarme;Profissional;Belo Horizonte;https://mg.olx.com.br/belo-horizonte-e-regiao/autos-e-pecas/carros-vans-e-utilitarios/uno-1-6r-1993-de-colecao-ar-gelando-992127294;07/11/2022
Publicado em 21/10 às 11:15;cód. 1099791114;7.500;Não aceita troca;Carros, vans e utilitários,GM - CHEVROLET KADETT GL/SL/LITE/TURIM 1.8,GM - CHEVROLET,Hatch,1993,140000,1.8,Gasolina,Não,Manual,Mecânica,Preto,2 portas;Categoria,Modelo,Marca,Tipo de veículo,Ano,Quilometragem,Potência do motor,Combustível,Kit GNV,Câmbio,Direção,Cor,Portas;;Profissional;Belo Horizonte;https://mg.olx.com.br/belo-horizonte-e-regiao/autos-e-pecas/carros-vans-e-utilitarios/kadett-1993-r-7-500-1099791114;07/11/2022
Publicado em 06/10 às 09:16;cód. 1093317905;13.500;;Carros, vans e utilitários,VW - VOLKSWAGEN VOYAGE CL 1.8,VW - VOLKSWAGEN,Sedã,1993,69367,1.8,Gasolina,Não,Manual,Mecânica,Cinza,2 portas,3;Categoria,Modelo,Marca,Tipo de veículo,Ano,Quilometragem,Potência do motor,Combustível,Kit GNV,Câmbio,Direção,Cor,Portas,Final de placa;;Profissional;Mateus Leme;https://mg.olx.com.br/belo-horizonte-e-regiao/autos-e-pecas/carros-vans-e-utilitarios/voyage-cl-1-8-1093317905;07/11/2022
Publicado em 23/09 às 16:58;cód. 1088270556;7.900;Aceita troca,IPVA pago;Carros, vans e utilitários,VW - VOLKSWAGEN KOMBI CARAT,VW - VOLKSWAGEN,Van/Utilitário,1993,353423,1.6,Gasolina,Não,Manual,Mecânica,Outra,2 portas,7;Categoria,Modelo,Marca,Tipo de veículo,Ano,Quilometragem,Potência do motor,Combustível,Kit GNV,Câmbio,Direção,Cor,Portas,Final de placa;;Profissional;Belo Horizonte;https://mg.olx.com.br/belo-horizonte-e-regiao/autos-e-pecas/carros-vans-e-utilitarios/vw-kombi-1088270556;07/11/2022
Publicado em 22/09 às 16:15;cód. 1087786307;5.900;Aceita troca;Carros, vans e utilitários,GM - CHEVROLET MONZA SL/E SR 2.0,GM - CHEVROLET,1993,318611,2.0 - 2.9,Álcool,Não,Manual,Hidráulica,Prata,4 portas,3;Categoria,Modelo,Marca,Ano,Quilometragem,Potência do motor,Combustível,Kit GNV,Câmbio,Direção,Cor,Portas,Final de placa;Vidro elétrico,Ar condicionado;Profissional;Belo Horizonte;https://mg.olx.com.br/belo-horizonte-e-regiao/autos-e-pecas/carros-vans-e-utilitarios/gm-monza-sl-e-efi-1087786307;07/11/2022
Publicado em 06/11 às 23:37;cód. 1106332157;13.000;IPVA pago,Não aceita troca;Carros, vans e utilitários,VW - VOLKSWAGEN PARATI GLI / GL 1.8,VW - VOLKSWAGEN,Hatch,1993,170000,1.8,Gasolina,Não,Manual,Mecânica,Verde,2 portas,1;Categoria,Modelo,Marca,Tipo de veículo,Ano,Quilometragem,Potência do motor,Combustível,Kit GNV,Câmbio,Direção,Cor,Portas,Final de placa;Alarme;Particular;Sete Lagoas;https://mg.olx.com.br/belo-horizonte-e-regiao/autos-e-pecas/carros-vans-e-utilitarios/parati-ano-93-1106332157;07/11/2022
Publicado em 06/11 às 16:00;cód. 1106215744;12.000;Aceita troca;Carros, vans e utilitários,VW - VOLKSWAGEN SANTANA GLI / GL/ SPORT 1.8/ 2.0,VW - VOLKSWAGEN,1993,100000,2.0 - 2.9,Gasolina,Não,Hidráulica,Prata,4 portas,9;Categoria,Modelo,Marca,Ano,Quilometragem,Potência do motor,Combustível,Kit GNV,Direção,Cor,Portas,Final de placa;Vidro elétrico,Trava elétrica,Alarme,Som;Particular;Belo Horizonte;https://mg.olx.com.br/belo-horizonte-e-regiao/autos-e-pecas/carros-vans-e-utilitarios/santana-1993-gl-2-0-1106215744;07/11/2022
Publicado em 05/11 às 20:37;cód. 1105979060;8.000;IPVA pago,Não aceita troca;Carros, vans e utilitários,VW - VOLKSWAGEN GOL 1000 (MODELO ANTIGO),VW - VOLKSWAGEN,Hatch,1993,76000,1.0,Gasolina,Não,Manual,Mecânica,Branco,2 portas,4;Categoria,Modelo,Marca,Tipo de veículo,Ano,Quilometragem,Potência do motor,Combustível,Kit GNV,Câmbio,Direção,Cor,Portas,Final de placa;;Particular;Ribeirão das Neves;https://mg.olx.com.br/belo-horizonte-e-regiao/autos-e-pecas/carros-vans-e-utilitarios/gol-93-1-000-1105979060;07/11/2022
Publicado em 05/11 às 17:18;cód. 1105933641;8.000;Aceita troca,IPVA pago;Carros, vans e utilitários,FIAT UNO MILLE 1.0 ELECTRONIC 4P,FIAT,SUV,1993,21526,1.0,Gasolina,Não,Manual,Verde,4 portas,1;Categoria,Modelo,Marca,Tipo de veículo,Ano,Quilometragem,Potência do motor,Combustível,Kit GNV,Câmbio,Cor,Portas,Final de placa;Ar condicionado,Som;Particular;Belo Horizonte;https://mg.olx.com.br/belo-horizonte-e-regiao/autos-e-pecas/carros-vans-e-utilitarios/uno-miller-eletronic-93-1105933641;07/11/2022
Publicado em 05/11 às 08:53;cód. 1105756740;9.000;Não aceita troca;Carros, vans e utilitários,VW - VOLKSWAGEN VOYAGE GL/ SPECIAL 1.6/ 1.8,VW - VOLKSWAGEN,Sedã,1993,280186,1.6,Álcool,Não,Manual,Mecânica,Azul,6;Categoria,Modelo,Marca,Tipo de veículo,Ano,Quilometragem,Potência do motor,Combustível,Kit GNV,Câmbio,Direção,Cor,Final de placa;;Particular;Sete Lagoas;https://mg.olx.com.br/belo-horizonte-e-regiao/autos-e-pecas/carros-vans-e-utilitarios/vendo-voyage-1993-1105756740;07/11/2022
Publicado em 04/11 às 14:47;cód. 1105531160;13.000;IPVA pago,Não aceita troca;Carros, vans e utilitários,FIAT FIORINO PICK-UP LX (TODAS),FIAT,Pick-up,1993,1,1.5,Gasolina,Não,Manual,Mecânica,Vermelho,2 portas,3;Categoria,Modelo,Marca,Tipo de veículo,Ano,Quilometragem,Potência do motor,Combustível,Kit GNV,Câmbio,Direção,Cor,Portas,Final de placa;;Particular;Vespasiano;https://mg.olx.com.br/belo-horizonte-e-regiao/autos-e-pecas/carros-vans-e-utilitarios/vendo-fiorino-lx-1105531160;07/11/2022
Publicado em 04/11 às 13:27;cód. 1105499395;21.500;Aceita troca,IPVA pago;Carros, vans e utilitários,VW - VOLKSWAGEN SANTANA 1.8 MI,VW - VOLKSWAGEN,Sedã,1993,193569,1.8,Gasolina,Não,Manual,Hidráulica,Prata,4 portas,9;Categoria,Modelo,Marca,Tipo de veículo,Ano,Quilometragem,Potência do motor,Combustível,Kit GNV,Câmbio,Direção,Cor,Portas,Final de placa;Vidro elétrico,Trava elétrica,Ar condicionado,Alarme;Particular;Belo Horizonte;https://mg.olx.com.br/belo-horizonte-e-regiao/autos-e-pecas/carros-vans-e-utilitarios/santana-quantum-93-1105499395;07/11/2022
Publicado em 04/11 às 11:30;cód. 1105452072;3.500;Aceita troca;Carros, vans e utilitários,GM - CHEVROLET KADETT GLS 1.8 EFI / SL/E 1.8,GM - CHEVROLET,1993,150000,Gasolina,Não,Manual,Mecânica,Azul,3;Categoria,Modelo,Marca,Ano,Quilometragem,Combustível,Kit GNV,Câmbio,Direção,Cor,Final de placa;;Particular;Belo Horizonte;https://mg.olx.com.br/belo-horizonte-e-regiao/autos-e-pecas/carros-vans-e-utilitarios/kadett-sl-1-8-1105452072;07/11/2022
Publicado em 04/11 às 10:39;cód. 1105429564;5.500;IPVA pago,Não aceita troca;Carros, vans e utilitários,FIAT UNO MILLE 1.0/ I.E./ ELECTRONIC/  BRIO,FIAT,Hatch,1993,200000,1.0,Gasolina,Não,Manual,Mecânica,Verde,2 portas,3;Categoria,Modelo,Marca,Tipo de veículo,Ano,Quilometragem,Potência do motor,Combustível,Kit GNV,Câmbio,Direção,Cor,Portas,Final de placa;;Particular;Nova Era;https://mg.olx.com.br/belo-horizonte-e-regiao/autos-e-pecas/carros-vans-e-utilitarios/fiat-uno-mille-1-0-gasolina-leia-1105429564;07/11/2022
Publicado em 04/11 às 10:30;cód. 1105424217;5.500;IPVA pago,Não aceita troca;Carros, vans e utilitários,FIAT UNO MILLE 1.0/ I.E./ ELECTRONIC/  BRIO,FIAT,Hatch,1993,200000,1.0,Gasolina,Não,Manual,Mecânica,Verde,2 portas,2;Categoria,Modelo,Marca,Tipo de veículo,Ano,Quilometragem,Potência do motor,Combustível,Kit GNV,Câmbio,Direção,Cor,Portas,Final de placa;;Particular;Nova Era;https://mg.olx.com.br/belo-horizonte-e-regiao/autos-e-pecas/carros-vans-e-utilitarios/fiat-uno-mille-gasolina-leia-1105424217;07/11/2022
Publicado em 03/11 às 21:48;cód. 1105299465;7.800;Aceita troca,IPVA pago;Carros, vans e utilitários,GM - CHEVROLET MONZA SL/E SR 2.0,GM - CHEVROLET,Sedã,1993,180,2.0 - 2.9,Gasolina,Não,Manual,Hidráulica,Vermelho,4 portas,9;Categoria,Modelo,Marca,Tipo de veículo,Ano,Quilometragem,Potência do motor,Combustível,Kit GNV,Câmbio,Direção,Cor,Portas,Final de placa;Vidro elétrico,Trava elétrica,Ar condicionado,Som;Particular;Contagem;https://mg.olx.com.br/belo-horizonte-e-regiao/autos-e-pecas/carros-vans-e-utilitarios/vendo-ou-troco-por-outro-carro-meu-ta-2022-pago-1105299465;07/11/2022
Publicado em 03/11 às 20:22;cód. 1105272948;6.900;IPVA pago;Carros, vans e utilitários,FIAT UNO MILLE 1.0 ELECTRONIC 4P,FIAT,Hatch,1993,200000,1.0,Gasolina,Não,Manual,Cinza,2 portas;Categoria,Modelo,Marca,Tipo de veículo,Ano,Quilometragem,Potência do motor,Combustível,Kit GNV,Câmbio,Cor,Portas;;Particular;Contagem;https://mg.olx.com.br/belo-horizonte-e-regiao/autos-e-pecas/carros-vans-e-utilitarios/vendo-uno-mille-93-1105272948;07/11/2022
Publicado em 03/11 às 13:44;cód. 1105103870;32.900;Aceita troca,IPVA pago;Carros, vans e utilitários,VW - VOLKSWAGEN GOL GT/GTS 1.8,VW - VOLKSWAGEN,Hatch,1993,126584,1.8,Álcool,Não,Manual,Mecânica,Preto,2 portas,4;Categoria,Modelo,Marca,Tipo de veículo,Ano,Quilometragem,Potência do motor,Combustível,Kit GNV,Câmbio,Direção,Cor,Portas,Final de placa;Vidro elétrico,Trava elétrica,Som;Particular;Belo Horizonte;https://mg.olx.com.br/belo-horizonte-e-regiao/autos-e-pecas/carros-vans-e-utilitarios/gol-gts-turbo-1105103870;07/11/2022
Publicado em 03/11 às 07:06;cód. 1104939011;14.990;IPVA pago,Não aceita troca;Carros, vans e utilitários,VW - VOLKSWAGEN VOYAGE CL 1.8,VW - VOLKSWAGEN,Sedã,1993,140000,1.8,Gasolina,Não,Manual,Hidráulica,Cinza,2 portas,6;Categoria,Modelo,Marca,Tipo de veículo,Ano,Quilometragem,Potência do motor,Combustível,Kit GNV,Câmbio,Direção,Cor,Portas,Final de placa;Vidro elétrico,Trava elétrica,Alarme,Som;Particular;Contagem;https://mg.olx.com.br/belo-horizonte-e-regiao/autos-e-pecas/carros-vans-e-utilitarios/voyage-1-8-93-completo-ar-1104939011;07/11/2022
Publicado em 02/11 às 17:13;cód. 1104754985;18.000;IPVA pago;Carros, vans e utilitários,HONDA ACCORD SW LX,HONDA,Sedã,1993,102000,Gasolina,Não,Automático,Hidráulica,Cinza,4 portas;Categoria,Modelo,Marca,Tipo de veículo,Ano,Quilometragem,Combustível,Kit GNV,Câmbio,Direção,Cor,Portas;Vidro elétrico,Trava elétrica,Som,Blindado;Particular;Belo Horizonte;https://mg.olx.com.br/belo-horizonte-e-regiao/autos-e-pecas/carros-vans-e-utilitarios/carro-honda-accord-lx-automatic-1104754985;07/11/2022
Publicado em 02/11 às 13:10;cód. 1104650339;30.000;Não aceita troca;Carros, vans e utilitários,VW - VOLKSWAGEN SAVEIRO 1.8 MI,VW - VOLKSWAGEN,1993,1,Não;Categoria,Modelo,Marca,Ano,Quilometragem,Kit GNV;;Particular;Vespasiano;https://mg.olx.com.br/belo-horizonte-e-regiao/autos-e-pecas/carros-vans-e-utilitarios/vendo-saveiro-original-1104650339;07/11/2022
Publicado em 02/11 às 12:12;cód. 1104610532;None;Aceita troca,IPVA pago;Carros, vans e utilitários,GM - CHEVROLET SUPREMA GLS 2.2 / 2.0,GM - CHEVROLET,SUV,1993,0,2.0 - 2.9,Álcool,Não,Manual,Hidráulica,Azul,4 portas,8;Categoria,Modelo,Marca,Tipo de veículo,Ano,Quilometragem,Potência do motor,Combustível,Kit GNV,Câmbio,Direção,Cor,Portas,Final de placa;Vidro elétrico,Trava elétrica,Som;Particular;Ribeirão das Neves;https://mg.olx.com.br/belo-horizonte-e-regiao/autos-e-pecas/carros-vans-e-utilitarios/carro-1104610532;07/11/2022
Publicado em 02/11 às 11:38;cód. 1104558393;6.500;Aceita troca,IPVA pago;Carros, vans e utilitários,FIAT UNO MILLE SX 2P E 4P,FIAT,Hatch,1993,200,1.0,Gasolina,Não,Manual,Assistida,Cinza,2 portas,2;Categoria,Modelo,Marca,Tipo de veículo,Ano,Quilometragem,Potência do motor,Combustível,Kit GNV,Câmbio,Direção,Cor,Portas,Final de placa;;Particular;Contagem;https://mg.olx.com.br/belo-horizonte-e-regiao/autos-e-pecas/carros-vans-e-utilitarios/uno-93-gasolina-1104558393;07/11/2022
Publicado em 01/11 às 16:46;cód. 1104395784;9.000;Aceita troca,IPVA pago;Carros, vans e utilitários,GM - CHEVROLET MONZA CLASSIC SE 2.0 /MPFI E EFI 2P E 4P,GM - CHEVROLET,Sedã,1993,136279,2.0 - 2.9,Gasolina,Sim,Manual,Hidráulica,Vermelho,4 portas,4;Categoria,Modelo,Marca,Tipo de veículo,Ano,Quilometragem,Potência do motor,Combustível,Kit GNV,Câmbio,Direção,Cor,Portas,Final de placa;Ar condicionado;Particular;Belo Horizonte;https://mg.olx.com.br/belo-horizonte-e-regiao/autos-e-pecas/carros-vans-e-utilitarios/carro-1104395784;07/11/2022
Publicado em 01/11 às 11:12;cód. 1104246974;13.000;Aceita troca,IPVA pago;Carros, vans e utilitários,GM - CHEVROLET MONZA GL 1.8 EFI/ SL/ L/ 650/BARC. 2E4P,GM - CHEVROLET,Sedã,1993,89,1.8,Gasolina,Não,Manual,Hidráulica,Vermelho,2 portas,7;Categoria,Modelo,Marca,Tipo de veículo,Ano,Quilometragem,Potência do motor,Combustível,Kit GNV,Câmbio,Direção,Cor,Portas,Final de placa;Vidro elétrico,Trava elétrica,Alarme;Particular;Belo Horizonte;https://mg.olx.com.br/belo-horizonte-e-regiao/autos-e-pecas/carros-vans-e-utilitarios/monza-93-serie-650-completo-top-1104246974;07/11/2022
Publicado em 01/11 às 06:19;cód. 1104135709;4.999;Aceita troca;Carros, vans e utilitários,VW - VOLKSWAGEN GOL 1.6 MI/ 1.6I 2P,VW - VOLKSWAGEN,Hatch,1993,155500,1.6,Flex,Não,Manual,Mecânica,2 portas,2;Categoria,Modelo,Marca,Tipo de veículo,Ano,Quilometragem,Potência do motor,Combustível,Kit GNV,Câmbio,Direção,Portas,Final de placa;;Particular;João Monlevade;https://mg.olx.com.br/belo-horizonte-e-regiao/autos-e-pecas/carros-vans-e-utilitarios/gol-ap-1-6-1993-gasolina-1104135709;07/11/2022
Publicado em 31/10 às 18:28;cód. 1103991794;5.700;Aceita troca;Carros, vans e utilitários,FIAT ELBA 1.6I.E/TOP/CSL/ 1.6I.E/1.5 2P E 4P,FIAT,Van/Utilitário,1993,240000,1.6,Álcool,Não,Manual,Mecânica,Vermelho,4 portas,1;Categoria,Modelo,Marca,Tipo de veículo,Ano,Quilometragem,Potência do motor,Combustível,Kit GNV,Câmbio,Direção,Cor,Portas,Final de placa;Vidro elétrico,Trava elétrica;Particular;Belo Horizonte;https://mg.olx.com.br/belo-horizonte-e-regiao/autos-e-pecas/carros-vans-e-utilitarios/fiat-elba-1103991794;07/11/2022
Publicado em 31/10 às 17:34;cód. 1103967686;8.000;;Carros, vans e utilitários,HONDA ACCORD SEDAN LX  2.2/2.4 16V,HONDA,Sedã,1993,0,2.0 - 2.9,Gasolina,Não,Automático,Hidráulica,Preto,4 portas,7;Categoria,Modelo,Marca,Tipo de veículo,Ano,Quilometragem,Potência do motor,Combustível,Kit GNV,Câmbio,Direção,Cor,Portas,Final de placa;Vidro elétrico,Air bag,Trava elétrica,Ar condicionado,Alarme,Som;Particular;Vespasiano;https://mg.olx.com.br/belo-horizonte-e-regiao/autos-e-pecas/carros-vans-e-utilitarios/honda-accord-sedan-lx-93-otimo-preco-1103967686;07/11/2022
Publicado em 31/10 às 17:14;cód. 1103960286;10.000;IPVA pago,Não aceita troca;Carros, vans e utilitários,FIAT UNO 1.6 MPI 2P E 4P,FIAT,Hatch,1993,168000,1.6,Gasolina,Não,Manual,Mecânica,Vermelho,2 portas,6;Categoria,Modelo,Marca,Tipo de veículo,Ano,Quilometragem,Potência do motor,Combustível,Kit GNV,Câmbio,Direção,Cor,Portas,Final de placa;Vidro elétrico,Trava elétrica,Ar condicionado,Alarme,Som;Particular;Belo Horizonte;https://mg.olx.com.br/belo-horizonte-e-regiao/autos-e-pecas/carros-vans-e-utilitarios/raridade-fiat-uno-1-6r-mpi-8v-teto-solar-1103960286;07/11/2022
Publicado em 31/10 às 13:39;cód. 1103874855;None;IPVA pago,Não aceita troca;Carros, vans e utilitários,VW - VOLKSWAGEN FUSCA,VW - VOLKSWAGEN,1993,84400,1.6,Gasolina,Não,Manual,Prata,2 portas,0;Categoria,Modelo,Marca,Ano,Quilometragem,Potência do motor,Combustível,Kit GNV,Câmbio,Cor,Portas,Final de placa;;Particular;Contagem;https://mg.olx.com.br/belo-horizonte-e-regiao/autos-e-pecas/carros-vans-e-utilitarios/fusca-itamar-93-94-excelente-estado-1103874855;07/11/2022
Publicado em 31/10 às 11:38;cód. 1103823098;5.000;IPVA pago,Não aceita troca;Carros, vans e utilitários,FIAT UNO MILLE 1.0/ I.E./ ELECTRONIC/  BRIO,FIAT,Hatch,1993,0,1.0,Gasolina,Não,Manual,Mecânica,Verde,2 portas,7;Categoria,Modelo,Marca,Tipo de veículo,Ano,Quilometragem,Potência do motor,Combustível,Kit GNV,Câmbio,Direção,Cor,Portas,Final de placa;;Particular;Nova Era;https://mg.olx.com.br/belo-horizonte-e-regiao/autos-e-pecas/carros-vans-e-utilitarios/fiat-uno-mille-elx-leia-1103823098;07/11/2022
Publicado em 31/10 às 11:38;cód. 1103821570;5.000;IPVA pago,Não aceita troca;Carros, vans e utilitários,FIAT UNO MILLE 1.0/ I.E./ ELECTRONIC/  BRIO,FIAT,Hatch,1993,0,1.0,Gasolina,Não,Manual,Mecânica,Verde,2 portas,7;Categoria,Modelo,Marca,Tipo de veículo,Ano,Quilometragem,Potência do motor,Combustível,Kit GNV,Câmbio,Direção,Cor,Portas,Final de placa;;Particular;Nova Era;https://mg.olx.com.br/belo-horizonte-e-regiao/autos-e-pecas/carros-vans-e-utilitarios/fiat-uno-mille-elx-leia-1103821570;07/11/2022
Publicado em 31/10 às 11:13;cód. 1103812043;6.000;IPVA pago,Não aceita troca;Carros, vans e utilitários,FIAT UNO CS/TOP/SPORT 1.5 I.E. / 1.5 /1.3,FIAT,Hatch,1993,132000,1.3,Manual,Mecânica,Cinza,2 portas,2,Não;Categoria,Modelo,Marca,Tipo de veículo,Ano,Quilometragem,Potência do motor,Câmbio,Direção,Cor,Portas,Final de placa,Kit GNV;;Particular;Esmeraldas;https://mg.olx.com.br/belo-horizonte-e-regiao/autos-e-pecas/carros-vans-e-utilitarios/uno-93-1103812043;07/11/2022
Publicado em 31/10 às 08:18;cód. 1103751460;18.000;Aceita troca,IPVA pago;Carros, vans e utilitários,VW - VOLKSWAGEN GOL CLI / CL 1.8,VW - VOLKSWAGEN,Hatch,1993,2723,1.8,Álcool,Não,Manual,Mecânica,Verde,2 portas,0;Categoria,Modelo,Marca,Tipo de veículo,Ano,Quilometragem,Potência do motor,Combustível,Kit GNV,Câmbio,Direção,Cor,Portas,Final de placa;Alarme,Som;Particular;Contagem;https://mg.olx.com.br/belo-horizonte-e-regiao/autos-e-pecas/carros-vans-e-utilitarios/gol-cl-1993-1-8-ap-alcool-1103751460;07/11/2022
Publicado em 30/10 às 23:15;cód. 1103711894;4.500;IPVA pago,Não aceita troca;Carros, vans e utilitários,FORD ESCORT L 1.8I / 1.8,FORD,Sedã,1993,149000,1.8,Gasolina,Não,Manual,Mecânica,Prata,2 portas,9;Categoria,Modelo,Marca,Tipo de veículo,Ano,Quilometragem,Potência do motor,Combustível,Kit GNV,Câmbio,Direção,Cor,Portas,Final de placa;;Particular;Vespasiano;https://mg.olx.com.br/belo-horizonte-e-regiao/autos-e-pecas/carros-vans-e-utilitarios/escort-europeu-1103711894;07/11/2022
Publicado em 30/10 às 11:50;cód. 1103583065;79.000;IPVA pago;Carros, vans e utilitários,GM - CHEVROLET D-20 4.0 CHAMP/CONQUEST/EL CAMINHO DIES.,GM - CHEVROLET,Pick-up,1993,30000,4.0 ou mais,Diesel,Não,Manual,Hidráulica,Branco,0;Categoria,Modelo,Marca,Tipo de veículo,Ano,Quilometragem,Potência do motor,Combustível,Kit GNV,Câmbio,Direção,Cor,Final de placa;Vidro elétrico,Ar condicionado;Particular;Matozinhos;https://mg.olx.com.br/belo-horizonte-e-regiao/autos-e-pecas/carros-vans-e-utilitarios/d20-1103583065;07/11/2022
Publicado em 29/10 às 17:51;cód. 1103426905;22.000;IPVA pago,Não aceita troca;Carros, vans e utilitários,VW - VOLKSWAGEN SAVEIRO CL/ SUMMER 1.8 MI E 1.8,VW - VOLKSWAGEN,Pick-up,1993,153000,1.8,Álcool,Não,Manual,Mecânica,Outra,2 portas,3;Categoria,Modelo,Marca,Tipo de veículo,Ano,Quilometragem,Potência do motor,Combustível,Kit GNV,Câmbio,Direção,Cor,Portas,Final de placa;Som;Particular;Itatiaiuçu;https://mg.olx.com.br/belo-horizonte-e-regiao/autos-e-pecas/carros-vans-e-utilitarios/saveiro-quadrada-1103426905;07/11/2022
Publicado em 29/10 às 14:38;cód. 1103374557;None;;Carros, vans e utilitários,VW - VOLKSWAGEN SANTANA 2.0 MI 2P E 4P,VW - VOLKSWAGEN,Sedã,1993,100000,1.8,Hidráulica,Outra,4 portas,6,Não;Categoria,Modelo,Marca,Tipo de veículo,Ano,Quilometragem,Potência do motor,Direção,Cor,Portas,Final de placa,Kit GNV;Vidro elétrico,Trava elétrica,Ar condicionado;Particular;Santa Luzia;https://mg.olx.com.br/belo-horizonte-e-regiao/autos-e-pecas/carros-vans-e-utilitarios/santana-2000-1103374557;07/11/2022
Publicado em 29/10 às 13:19;cód. 1103352314;17.000;IPVA pago,Não aceita troca;Carros, vans e utilitários,VW - VOLKSWAGEN VOYAGE GL/ SPECIAL 1.6/ 1.8,VW - VOLKSWAGEN,Sedã,1993,999,1.9,Álcool,Não,Manual,Mecânica,Cinza,2 portas,1;Categoria,Modelo,Marca,Tipo de veículo,Ano,Quilometragem,Potência do motor,Combustível,Kit GNV,Câmbio,Direção,Cor,Portas,Final de placa;Vidro elétrico,Trava elétrica,Alarme,Som;Particular;Belo Horizonte;https://mg.olx.com.br/belo-horizonte-e-regiao/autos-e-pecas/carros-vans-e-utilitarios/voyage-gl-turbo-1-9-1103352314;07/11/2022
Publicado em 28/10 às 20:07;cód. 1103107698;7.500;Não aceita troca;Carros, vans e utilitários,FIAT UNO MILLE 1.0 ELECTRONIC 4P,FIAT,Van/Utilitário,1993,164000,1.0,Gasolina,Não,Manual,Mecânica,Preto,4 portas,7;Categoria,Modelo,Marca,Tipo de veículo,Ano,Quilometragem,Potência do motor,Combustível,Kit GNV,Câmbio,Direção,Cor,Portas,Final de placa;Som;Particular;Sete Lagoas;https://mg.olx.com.br/belo-horizonte-e-regiao/autos-e-pecas/carros-vans-e-utilitarios/fiat-uno-93-1103107698;07/11/2022
Publicado em 28/10 às 15:38;cód. 1103013038;None;Aceita troca,IPVA pago;Carros, vans e utilitários,VW - VOLKSWAGEN PARATI GLS 2.0 MI 2/4P,VW - VOLKSWAGEN,Hatch,1993,1000,1.8,Álcool,Não,Manual,Mecânica,Vermelho,2 portas,0;Categoria,Modelo,Marca,Tipo de veículo,Ano,Quilometragem,Potência do motor,Combustível,Kit GNV,Câmbio,Direção,Cor,Portas,Final de placa;Vidro elétrico,Trava elétrica,Alarme;Particular;Belo Horizonte;https://mg.olx.com.br/belo-horizonte-e-regiao/autos-e-pecas/carros-vans-e-utilitarios/vendo-parati-gls-turbo-1103013038;07/11/2022
Publicado em 28/10 às 11:50;cód. 1102918238;58.000;IPVA pago,Não aceita troca,Único dono;Carros, vans e utilitários,FORD CROWN VICTORIA LX 4.6,FORD,Sedã,1993,130000,4.0 ou mais,Gasolina,Não,Manual,Hidráulica,Preto,4 portas,7;Categoria,Modelo,Marca,Tipo de veículo,Ano,Quilometragem,Potência do motor,Combustível,Kit GNV,Câmbio,Direção,Cor,Portas,Final de placa;Vidro elétrico,Air bag,Trava elétrica,Ar condicionado,Som;Particular;Belo Horizonte;https://mg.olx.com.br/belo-horizonte-e-regiao/autos-e-pecas/carros-vans-e-utilitarios/crown-victoria-sedan-black-1993-1102918238;07/11/2022
Publicado em 28/10 às 08:30;cód. 1065007008;11.500;Aceita troca,IPVA pago;Carros, vans e utilitários,GM - CHEVROLET MONZA GL 2.0 EFI/SL/L/650/CLUB/BARC.2E4P,GM - CHEVROLET,Sedã,1993,221000,2.0 - 2.9,Gasolina,Não,Manual,Hidráulica,Azul,4 portas,0;Categoria,Modelo,Marca,Tipo de veículo,Ano,Quilometragem,Potência do motor,Combustível,Kit GNV,Câmbio,Direção,Cor,Portas,Final de placa;Vidro elétrico,Trava elétrica,Ar condicionado,Alarme,Som;Particular;Contagem;https://mg.olx.com.br/belo-horizonte-e-regiao/autos-e-pecas/carros-vans-e-utilitarios/monza-sl-e-2-0-1065007008;07/11/2022
Publicado em 28/10 às 00:08;cód. 1102710633;5.500;IPVA pago,Não aceita troca;Carros, vans e utilitários,VW - VOLKSWAGEN GOL CL 1.8 MI 2P E 4P,VW - VOLKSWAGEN,Hatch,1993,80000000,1.8,Gasolina,Não,Manual,Mecânica,Prata,7;Categoria,Modelo,Marca,Tipo de veículo,Ano,Quilometragem,Potência do motor,Combustível,Kit GNV,Câmbio,Direção,Cor,Final de placa;;Particular;Belo Horizonte;https://mg.olx.com.br/belo-horizonte-e-regiao/autos-e-pecas/carros-vans-e-utilitarios/gol-1102710633;07/11/2022
Publicado em 27/10 às 11:11;cód. 1102394957;9.500;;Carros, vans e utilitários,VW - VOLKSWAGEN VOYAGE C/CL/FOX 1.6,VW - VOLKSWAGEN,1993,1273,1.6,Álcool,Não,Manual,Outra,2 portas;Categoria,Modelo,Marca,Ano,Quilometragem,Potência do motor,Combustível,Kit GNV,Câmbio,Cor,Portas;;Particular;Belo Horizonte;https://mg.olx.com.br/belo-horizonte-e-regiao/autos-e-pecas/carros-vans-e-utilitarios/voyage-1102394957;07/11/2022
Publicado em 27/10 às 10:53;cód. 1102384137;8.100;Não aceita troca;Carros, vans e utilitários,VW - VOLKSWAGEN GOL 1000 (MODELO ANTIGO),VW - VOLKSWAGEN,1993,137784,1.0,Gasolina,Não,Manual,2 portas;Categoria,Modelo,Marca,Ano,Quilometragem,Potência do motor,Combustível,Kit GNV,Câmbio,Portas;;Particular;Ipatinga;https://mg.olx.com.br/belo-horizonte-e-regiao/autos-e-pecas/carros-vans-e-utilitarios/volkswagen-gol-1000-1993-1102384137;07/11/2022
Publicado em 26/10 às 23:36;cód. 1013415988;26.500;IPVA pago,Não aceita troca;Carros, vans e utilitários,GM - CHEVROLET KADETT GSI / GS 2.0,GM - CHEVROLET,Hatch,1993,180000,2.0 - 2.9,Gasolina,Não,Manual,Hidráulica,Branco,2 portas,0;Categoria,Modelo,Marca,Tipo de veículo,Ano,Quilometragem,Potência do motor,Combustível,Kit GNV,Câmbio,Direção,Cor,Portas,Final de placa;Vidro elétrico,Trava elétrica,Ar condicionado,Direção hidráulica,Alarme,Som;Particular;Belo Horizonte;https://mg.olx.com.br/belo-horizonte-e-regiao/autos-e-pecas/carros-vans-e-utilitarios/kadett-gsi-1993-1013415988;07/11/2022
Publicado em 26/10 às 19:30;cód. 1102144170;6.000;IPVA pago,Não aceita troca;Carros, vans e utilitários,GM - CHEVROLET MONZA GL 1.8 EFI/ SL/ L/ 650/BARC. 2E4P,GM - CHEVROLET,Sedã,1993,94475,1.3,Gasolina,Não,Manual,Mecânica,Azul,2 portas,7;Categoria,Modelo,Marca,Tipo de veículo,Ano,Quilometragem,Potência do motor,Combustível,Kit GNV,Câmbio,Direção,Cor,Portas,Final de placa;Vidro elétrico,Ar condicionado;Particular;Contagem;https://mg.olx.com.br/belo-horizonte-e-regiao/autos-e-pecas/carros-vans-e-utilitarios/monza-93-conservado-1102144170;07/11/2022
Publicado em 26/10 às 17:03;cód. 1102088308;7.300;IPVA pago;Carros, vans e utilitários,VW - VOLKSWAGEN GOL 1000 (MODELO ANTIGO),VW - VOLKSWAGEN,Hatch,1993,100,1.0,Gasolina,Não,Manual,Mecânica,Azul,2 portas,5;Categoria,Modelo,Marca,Tipo de veículo,Ano,Quilometragem,Potência do motor,Combustível,Kit GNV,Câmbio,Direção,Cor,Portas,Final de placa;Vidro elétrico;Particular;Belo Horizonte;https://mg.olx.com.br/belo-horizonte-e-regiao/autos-e-pecas/carros-vans-e-utilitarios/vendo-gol-quadrado-ano-93-1102088308;07/11/2022
Publicado em 26/10 às 15:13;cód. 1102021197;7.000;Aceita troca,Com multa;Carros, vans e utilitários,VW - VOLKSWAGEN GOL CLI / CL 1.8,VW - VOLKSWAGEN,Hatch,1993,35000,1.8,Gasolina,Não,Manual,Mecânica,Cinza,2 portas,9;Categoria,Modelo,Marca,Tipo de veículo,Ano,Quilometragem,Potência do motor,Combustível,Kit GNV,Câmbio,Direção,Cor,Portas,Final de placa;;Particular;Belo Horizonte;https://mg.olx.com.br/belo-horizonte-e-regiao/autos-e-pecas/carros-vans-e-utilitarios/gol-quadrado-com-multas-e-doc-2021-pago-1102021197;07/11/2022
Publicado em 26/10 às 01:52;cód. 1101756395;10.000;Aceita troca,IPVA pago;Carros, vans e utilitários,VW - VOLKSWAGEN GOL CL 1.6 MI 2P E 4P,VW - VOLKSWAGEN,SUV,1993,0,1.6,Gasolina,Não,Manual,Mecânica,Azul,2 portas,1;Categoria,Modelo,Marca,Tipo de veículo,Ano,Quilometragem,Potência do motor,Combustível,Kit GNV,Câmbio,Direção,Cor,Portas,Final de placa;;Particular;Belo Horizonte;https://mg.olx.com.br/belo-horizonte-e-regiao/autos-e-pecas/carros-vans-e-utilitarios/gol-quadrado-ano-93-1101756395;07/11/2022
Publicado em 25/10 às 22:35;cód. 1101717224;12.000;IPVA pago,Não aceita troca;Carros, vans e utilitários,FIAT UNO MILLE 1.0 ELECTRONIC 4P,FIAT,Hatch,1993,171279,1.0,Gasolina,Não,Manual,Mecânica,Verde,4 portas,3;Categoria,Modelo,Marca,Tipo de veículo,Ano,Quilometragem,Potência do motor,Combustível,Kit GNV,Câmbio,Direção,Cor,Portas,Final de placa;Som;Particular;Vespasiano;https://mg.olx.com.br/belo-horizonte-e-regiao/autos-e-pecas/carros-vans-e-utilitarios/uno-mille-eletronic-1101717224;07/11/2022
Publicado em 25/10 às 22:11;cód. 1101709877;35.000;;Carros, vans e utilitários,VW - VOLKSWAGEN FUSCA,VW - VOLKSWAGEN,1993,90200,1.6,Gasolina,Não,Manual,Mecânica,Branco,2 portas,2;Categoria,Modelo,Marca,Ano,Quilometragem,Potência do motor,Combustível,Kit GNV,Câmbio,Direção,Cor,Portas,Final de placa;Alarme;Particular;Belo Horizonte;https://mg.olx.com.br/belo-horizonte-e-regiao/autos-e-pecas/carros-vans-e-utilitarios/fusca-itamar-90-mil-km-original-1101709877;07/11/2022
Publicado em 25/10 às 20:58;cód. 1101684166;4.000;Com multa,Não aceita troca,Único dono;Carros, vans e utilitários,VW - VOLKSWAGEN SANTANA EXCLUSIV 2.0 MI/ EXECUTIVO 2.0I,VW - VOLKSWAGEN,Sedã,1993,20000,2.0 - 2.9,Gasolina,Não,Manual,Hidráulica,Vermelho,4 portas,0;Categoria,Modelo,Marca,Tipo de veículo,Ano,Quilometragem,Potência do motor,Combustível,Kit GNV,Câmbio,Direção,Cor,Portas,Final de placa;Vidro elétrico;Particular;Sete Lagoas;https://mg.olx.com.br/belo-horizonte-e-regiao/autos-e-pecas/carros-vans-e-utilitarios/vendo-carro-1101684166;07/11/2022
Publicado em 25/10 às 20:41;cód. 1101679706;12.500;IPVA pago,Não aceita troca;Carros, vans e utilitários,GM - CHEVROLET MONZA CLASSIC SE 2.0 /MPFI E EFI 2P E 4P,GM - CHEVROLET,Sedã,1993,0,2.0 - 2.9,Álcool,Não,Manual,Mecânica,Prata,4 portas;Categoria,Modelo,Marca,Tipo de veículo,Ano,Quilometragem,Potência do motor,Combustível,Kit GNV,Câmbio,Direção,Cor,Portas;;Particular;Ribeirão das Neves;https://mg.olx.com.br/belo-horizonte-e-regiao/autos-e-pecas/carros-vans-e-utilitarios/vendo-monza-1101679706;07/11/2022
Publicado em 25/10 às 20:40;cód. 1101679462;10.000;Aceita troca,IPVA pago;Carros, vans e utilitários,FIAT UNO CS/TOP/SPORT 1.5 I.E. / 1.5 /1.3,FIAT,1993,179000,1.5,Gasolina,Não,Manual,Mecânica,Cinza,2 portas;Categoria,Modelo,Marca,Ano,Quilometragem,Potência do motor,Combustível,Kit GNV,Câmbio,Direção,Cor,Portas;Vidro elétrico,Trava elétrica;Particular;Sete Lagoas;https://mg.olx.com.br/belo-horizonte-e-regiao/autos-e-pecas/carros-vans-e-utilitarios/uno-93--vendo-ou-troco-palio-ou-uno-1101679462;07/11/2022
Publicado em 24/10 às 17:48;cód. 1101104210;10.000;IPVA pago,Não aceita troca;Carros, vans e utilitários,FIAT UNO MILLE 1.0/ I.E./ ELECTRONIC/  BRIO,FIAT,Hatch,1993,160000,1.0,Gasolina,Não,Manual,Mecânica,Prata,2 portas;Categoria,Modelo,Marca,Tipo de veículo,Ano,Quilometragem,Potência do motor,Combustível,Kit GNV,Câmbio,Direção,Cor,Portas;;Particular;Belo Horizonte;https://mg.olx.com.br/belo-horizonte-e-regiao/autos-e-pecas/carros-vans-e-utilitarios/uno-mille-ano-93-1101104210;07/11/2022
Publicado em 24/10 às 14:28;cód. 1101000291;20.000;IPVA pago,Não aceita troca;Carros, vans e utilitários,FORD PAMPA L 1.8I / 1.8,FORD,Pick-up,1993,0,1.8,Gasolina,Não,Manual,Hidráulica,Azul,2 portas,0;Categoria,Modelo,Marca,Tipo de veículo,Ano,Quilometragem,Potência do motor,Combustível,Kit GNV,Câmbio,Direção,Cor,Portas,Final de placa;;Particular;Brumadinho;https://mg.olx.com.br/belo-horizonte-e-regiao/autos-e-pecas/carros-vans-e-utilitarios/pampa-93-1-8-gasolina-1101000291;07/11/2022
Publicado em 24/10 às 13:35;cód. 1100972128;4.000;Não aceita troca;Carros, vans e utilitários,VW - VOLKSWAGEN SANTANA CLI /CL /C 1.8/2.0 /SU 2.0 2P/4P,VW - VOLKSWAGEN,Sedã,1993,205688,1.8,Álcool,Não,Manual,Hidráulica,Azul,4 portas,3;Categoria,Modelo,Marca,Tipo de veículo,Ano,Quilometragem,Potência do motor,Combustível,Kit GNV,Câmbio,Direção,Cor,Portas,Final de placa;Vidro elétrico;Particular;Ribeirão das Neves;https://mg.olx.com.br/belo-horizonte-e-regiao/autos-e-pecas/carros-vans-e-utilitarios/carro-1100972128;07/11/2022
Publicado em 24/10 às 13:18;cód. 1100966266;35.000;Aceita troca,IPVA pago;Carros, vans e utilitários,TOYOTA HILUX SW4 4X4 2.8 DIESEL,TOYOTA,Sedã,1993,500000,2.0 - 2.9,Diesel,Não,Manual,Hidráulica,Cinza,4 portas,7;Categoria,Modelo,Marca,Tipo de veículo,Ano,Quilometragem,Potência do motor,Combustível,Kit GNV,Câmbio,Direção,Cor,Portas,Final de placa;Vidro elétrico,Trava elétrica,Som;Particular;Belo Horizonte;https://mg.olx.com.br/belo-horizonte-e-regiao/autos-e-pecas/carros-vans-e-utilitarios/hilux-sw4-4x4-1100966266;07/11/2022
Publicado em 24/10 às 12:32;cód. 1100940696;6.500;;Carros, vans e utilitários,VW - VOLKSWAGEN PARATI CLI / CL/ ATLANTA 1.8,VW - VOLKSWAGEN,1993,80000,1.8,Manual,Verde,2 portas,Não;Categoria,Modelo,Marca,Ano,Quilometragem,Potência do motor,Câmbio,Cor,Portas,Kit GNV;;Particular;Belo Horizonte;https://mg.olx.com.br/belo-horizonte-e-regiao/autos-e-pecas/carros-vans-e-utilitarios/parati-quadrada-1100940696;07/11/2022
Publicado em 24/10 às 10:04;cód. 1100871663;52.000;IPVA pago,Não aceita troca;Carros, vans e utilitários,GM - CHEVROLET D-20 S / LUXE 3.9/4.0 DIESEL,GM - CHEVROLET,Van/Utilitário,1993,550000,3.0 - 3.9,Diesel,Não,Manual,Hidráulica,Verde,2 portas,2;Categoria,Modelo,Marca,Tipo de veículo,Ano,Quilometragem,Potência do motor,Combustível,Kit GNV,Câmbio,Direção,Cor,Portas,Final de placa;Som;Particular;Belo Horizonte;https://mg.olx.com.br/belo-horizonte-e-regiao/autos-e-pecas/carros-vans-e-utilitarios/d20-motor-mwm-carroceria-de-madeira-93-1100871663;07/11/2022
Publicado em 22/10 às 20:18;cód. 1100427375;8.500;IPVA pago,Não aceita troca;Carros, vans e utilitários,HONDA ACCORD SEDAN LX  2.2/2.4 16V,HONDA,Sedã,1993,189000,2.0 - 2.9,Gasolina,Não,Automático,Hidráulica,Outra,4 portas,8;Categoria,Modelo,Marca,Tipo de veículo,Ano,Quilometragem,Potência do motor,Combustível,Kit GNV,Câmbio,Direção,Cor,Portas,Final de placa;Vidro elétrico,Air bag,Trava elétrica,Ar condicionado,Alarme,Som;Particular;Nova Lima;https://mg.olx.com.br/belo-horizonte-e-regiao/autos-e-pecas/carros-vans-e-utilitarios/honda-accord92-automatico-1100427375;07/11/2022
Publicado em 22/10 às 15:45;cód. 1100341351;10.800;IPVA pago;Carros, vans e utilitários,VW - VOLKSWAGEN PARATI CL 1.8 MI 2P E 4P,VW - VOLKSWAGEN,Sedã,1993,99999,1.8,Gasolina,Não,Manual,Mecânica,Azul,2 portas,9;Categoria,Modelo,Marca,Tipo de veículo,Ano,Quilometragem,Potência do motor,Combustível,Kit GNV,Câmbio,Direção,Cor,Portas,Final de placa;;Particular;Ouro Preto;https://mg.olx.com.br/belo-horizonte-e-regiao/autos-e-pecas/carros-vans-e-utilitarios/parati-1100341351;07/11/2022
Publicado em 21/10 às 17:17;cód. 1099959950;9.000;Aceita troca;Carros, vans e utilitários,GM - CHEVROLET MONZA SL/E SR 2.0,GM - CHEVROLET,1993,1,2.0 - 2.9,Gasolina,Não,Manual,Hidráulica,Azul,4 portas,8;Categoria,Modelo,Marca,Ano,Quilometragem,Potência do motor,Combustível,Kit GNV,Câmbio,Direção,Cor,Portas,Final de placa;Vidro elétrico;Particular;Ribeirão das Neves;https://mg.olx.com.br/belo-horizonte-e-regiao/autos-e-pecas/carros-vans-e-utilitarios/monza-sl-e-efi-1099959950;07/11/2022
Publicado em 21/10 às 16:34;cód. 1099941021;45.000;IPVA pago,Não aceita troca;Carros, vans e utilitários,VW - VOLKSWAGEN PARATI GLSI 2.0 / GLS/ SURF 1.8,VW - VOLKSWAGEN,Van/Utilitário,1993,244000,1.8,Gasolina,Não,Manual,Mecânica,Vermelho;Categoria,Modelo,Marca,Tipo de veículo,Ano,Quilometragem,Potência do motor,Combustível,Kit GNV,Câmbio,Direção,Cor;Vidro elétrico,Trava elétrica,Ar condicionado,Som;Particular;Nova Lima;https://mg.olx.com.br/belo-horizonte-e-regiao/autos-e-pecas/carros-vans-e-utilitarios/parati-gls-1-8s-1993-1099941021;07/11/2022
Publicado em 21/10 às 16:16;cód. 1099930019;19.900;IPVA pago,Não aceita troca,Único dono;Carros, vans e utilitários,FIAT UNO CS/TOP/SPORT 1.5 I.E. / 1.5 /1.3,FIAT,Conversível,1993,98576,1.5,Gasolina,Não,Manual,Mecânica,Cinza,2 portas,7;Categoria,Modelo,Marca,Tipo de veículo,Ano,Quilometragem,Potência do motor,Combustível,Kit GNV,Câmbio,Direção,Cor,Portas,Final de placa;Vidro elétrico,Alarme;Particular;Belo Horizonte;https://mg.olx.com.br/belo-horizonte-e-regiao/autos-e-pecas/carros-vans-e-utilitarios/fiat-uno-1993-1-5-2-portas-super-conservado-1099930019;07/11/2022
Publicado em 20/10 às 21:47;cód. 1099593780;24.900;IPVA pago,Não aceita troca;Carros, vans e utilitários,VW - VOLKSWAGEN PARATI GLI / GL 1.8,VW - VOLKSWAGEN,Sedã,1993,230000,1.8,Gasolina,Não,Manual,Mecânica,Vermelho,2 portas,9;Categoria,Modelo,Marca,Tipo de veículo,Ano,Quilometragem,Potência do motor,Combustível,Kit GNV,Câmbio,Direção,Cor,Portas,Final de placa;Alarme,Som;Particular;Ouro Preto;https://mg.olx.com.br/belo-horizonte-e-regiao/autos-e-pecas/carros-vans-e-utilitarios/parati-gl-1-8-1099593780;07/11/2022
Publicado em 20/10 às 16:48;cód. 1099495839;26.000;Aceita troca,IPVA pago;Carros, vans e utilitários,VW - VOLKSWAGEN KOMBI PICK-UP,VW - VOLKSWAGEN,Van/Utilitário,1993,111111,1.6,Gasolina,Não,Manual,Mecânica,Amarelo,2 portas,1;Categoria,Modelo,Marca,Tipo de veículo,Ano,Quilometragem,Potência do motor,Combustível,Kit GNV,Câmbio,Direção,Cor,Portas,Final de placa;Trava elétrica,Som,Câmera de ré;Particular;Conceição do Mato Dentro;https://mg.olx.com.br/belo-horizonte-e-regiao/autos-e-pecas/carros-vans-e-utilitarios/kombi-elma-chips-93-1099495839;07/11/2022
Publicado em 20/10 às 15:30;cód. 1099457671;11.500;IPVA pago,Não aceita troca;Carros, vans e utilitários,FORD ESCORT GL 1.6I / 1.6,FORD,1993,1111111,1.6,Gasolina,Não,Manual,Mecânica,Prata,2 portas,4;Categoria,Modelo,Marca,Ano,Quilometragem,Potência do motor,Combustível,Kit GNV,Câmbio,Direção,Cor,Portas,Final de placa;Vidro elétrico,Som;Particular;Belo Horizonte;https://mg.olx.com.br/belo-horizonte-e-regiao/autos-e-pecas/carros-vans-e-utilitarios/vendo-escort-93-1099457671;07/11/2022
Publicado em 19/10 às 22:37;cód. 1099154741;15.000;Aceita troca,IPVA pago;Carros, vans e utilitários,VW - VOLKSWAGEN GOL CLI / CL 1.8,VW - VOLKSWAGEN,Hatch,1993,111100,1.8,Gasolina,Não,Manual,Hidráulica,Amarelo,2 portas,4;Categoria,Modelo,Marca,Tipo de veículo,Ano,Quilometragem,Potência do motor,Combustível,Kit GNV,Câmbio,Direção,Cor,Portas,Final de placa;Vidro elétrico,Som;Particular;Ponte Nova;https://mg.olx.com.br/belo-horizonte-e-regiao/autos-e-pecas/carros-vans-e-utilitarios/gol-quadrado-1-8ap-1099154741;07/11/2022
Publicado em 19/10 às 22:02;cód. 1099143472;15.000;Aceita troca,IPVA pago;Carros, vans e utilitários,VW - VOLKSWAGEN GOL GLI / GL/ ATLANTA 1.8,VW - VOLKSWAGEN,Hatch,1993,91000,1.8,Gasolina,Não,Manual,Mecânica,Verde,2 portas,6;Categoria,Modelo,Marca,Tipo de veículo,Ano,Quilometragem,Potência do motor,Combustível,Kit GNV,Câmbio,Direção,Cor,Portas,Final de placa;Vidro elétrico,Trava elétrica,Alarme;Particular;Ibirité;https://mg.olx.com.br/belo-horizonte-e-regiao/autos-e-pecas/carros-vans-e-utilitarios/gol-quadrado-93-gl-1-8-ap-1099143472;07/11/2022
Publicado em 19/10 às 19:02;cód. 1099079703;8.900;Aceita troca,IPVA pago;Carros, vans e utilitários,VW - VOLKSWAGEN GOL CL 1.6 MI 2P E 4P,VW - VOLKSWAGEN,Hatch,1993,71000,1.6,Gasolina,Não,Manual,Mecânica,Verde,2 portas,0;Categoria,Modelo,Marca,Tipo de veículo,Ano,Quilometragem,Potência do motor,Combustível,Kit GNV,Câmbio,Direção,Cor,Portas,Final de placa;;Particular;Betim;https://mg.olx.com.br/belo-horizonte-e-regiao/autos-e-pecas/carros-vans-e-utilitarios/gol-cl-1-6-1099079703;07/11/2022
Publicado em 19/10 às 16:26;cód. 1099009510;5.500;IPVA pago,Não aceita troca;Carros, vans e utilitários,GM - CHEVROLET MONZA SL/E SR 2.0,GM - CHEVROLET,Sedã,1993,100000,2.0 - 2.9,Gasolina,Não,Manual,Hidráulica,Azul,2 portas,8;Categoria,Modelo,Marca,Tipo de veículo,Ano,Quilometragem,Potência do motor,Combustível,Kit GNV,Câmbio,Direção,Cor,Portas,Final de placa;Som;Particular;Belo Horizonte;https://mg.olx.com.br/belo-horizonte-e-regiao/autos-e-pecas/carros-vans-e-utilitarios/monza-sl-2-0-gasolina-92-93-1099009510;07/11/2022
Publicado em 19/10 às 14:38;cód. 1098951908;3.000;Não aceita troca;Carros, vans e utilitários,FIAT FIORINO FURG.1.5/1.3/1.3 FIRE/1.3 F.FLEX,FIAT,Van/Utilitário,1993,0,1.5,Gasolina,Não,Manual,Mecânica,Branco,2 portas,0;Categoria,Modelo,Marca,Tipo de veículo,Ano,Quilometragem,Potência do motor,Combustível,Kit GNV,Câmbio,Direção,Cor,Portas,Final de placa;;Particular;Belo Horizonte;https://mg.olx.com.br/belo-horizonte-e-regiao/autos-e-pecas/carros-vans-e-utilitarios/somente-venda-1098951908;07/11/2022
Publicado em 19/10 às 10:53;cód. 1098837092;12.000;IPVA pago,Não aceita troca;Carros, vans e utilitários,VW - VOLKSWAGEN PARATI CLI / CL/ ATLANTA 1.8,VW - VOLKSWAGEN,Sedã,1993,74000,1.8,Gasolina,Não,Manual,Mecânica,Verde,2 portas,3;Categoria,Modelo,Marca,Tipo de veículo,Ano,Quilometragem,Potência do motor,Combustível,Kit GNV,Câmbio,Direção,Cor,Portas,Final de placa;Som;Particular;Ouro Branco;https://mg.olx.com.br/belo-horizonte-e-regiao/autos-e-pecas/carros-vans-e-utilitarios/parati-1098837092;07/11/2022
Publicado em 18/10 às 19:59;cód. 1098582388;11.500;IPVA pago,Não aceita troca;Carros, vans e utilitários,VW - VOLKSWAGEN GOL 1000 (MODELO ANTIGO),VW - VOLKSWAGEN,1993,411428,1.0,Gasolina,Não,Manual,Mecânica,Verde,2 portas,3;Categoria,Modelo,Marca,Ano,Quilometragem,Potência do motor,Combustível,Kit GNV,Câmbio,Direção,Cor,Portas,Final de placa;Trava elétrica,Alarme,Som;Particular;João Monlevade;https://mg.olx.com.br/belo-horizonte-e-regiao/autos-e-pecas/carros-vans-e-utilitarios/gol-1-0-modelo-antigo-valor-negociavel-1098582388;07/11/2022
Publicado em 18/10 às 18:21;cód. 1098532216;14.000;IPVA pago,Não aceita troca;Carros, vans e utilitários,VW - VOLKSWAGEN PARATI CL 1.8 MI 2P E 4P,VW - VOLKSWAGEN,Conversível,1993,200000,1.8,Gasolina,Não,Manual,Mecânica,Azul,2 portas,3;Categoria,Modelo,Marca,Tipo de veículo,Ano,Quilometragem,Potência do motor,Combustível,Kit GNV,Câmbio,Direção,Cor,Portas,Final de placa;;Particular;Belo Horizonte;https://mg.olx.com.br/belo-horizonte-e-regiao/autos-e-pecas/carros-vans-e-utilitarios/venda-1098532216;07/11/2022
Publicado em 18/10 às 12:00;cód. 1098346864;13.500;IPVA pago,Não aceita troca;Carros, vans e utilitários,VW - VOLKSWAGEN GOL CLI / CL 1.8,VW - VOLKSWAGEN,Hatch,1993,125000,1.8,Gasolina,Não,Manual,2 portas,9;Categoria,Modelo,Marca,Tipo de veículo,Ano,Quilometragem,Potência do motor,Combustível,Kit GNV,Câmbio,Portas,Final de placa;;Particular;Igarapé;https://mg.olx.com.br/belo-horizonte-e-regiao/autos-e-pecas/carros-vans-e-utilitarios/gol-cl-1993-1098346864;07/11/2022
Publicado em 18/10 às 10:45;cód. 1098303378;11.500;IPVA pago,Não aceita troca;Carros, vans e utilitários,VW - VOLKSWAGEN PARATI GLI / GL 1.8,VW - VOLKSWAGEN,Sedã,1993,294310,1.8,Álcool,Não,Manual,Mecânica,Preto,2 portas,9;Categoria,Modelo,Marca,Tipo de veículo,Ano,Quilometragem,Potência do motor,Combustível,Kit GNV,Câmbio,Direção,Cor,Portas,Final de placa;;Particular;Esmeraldas;https://mg.olx.com.br/belo-horizonte-e-regiao/autos-e-pecas/carros-vans-e-utilitarios/parati-gl-motor-ap-1-8-1098303378;07/11/2022
Publicado em 18/10 às 07:47;cód. 1098230175;18.000;Aceita troca,IPVA pago;Carros, vans e utilitários,FIAT FIORINO PICK-UP 1.5 I.E./1.3/1.5/HD,FIAT,Pick-up,1993,0,1.5,Gasolina,Não,Manual,Mecânica,Branco,2 portas,5;Categoria,Modelo,Marca,Tipo de veículo,Ano,Quilometragem,Potência do motor,Combustível,Kit GNV,Câmbio,Direção,Cor,Portas,Final de placa;Som;Particular;Contagem;https://mg.olx.com.br/belo-horizonte-e-regiao/autos-e-pecas/carros-vans-e-utilitarios/fiorino-lx-fiat-1098230175;07/11/2022
Publicado em 17/10 às 17:13;cód. 1098019951;6.000;Aceita troca;Carros, vans e utilitários,FIAT UNO 1.6 MPI 2P E 4P,FIAT,1993,160993,Gasolina,Não,Manual,Preto,2 portas;Categoria,Modelo,Marca,Ano,Quilometragem,Combustível,Kit GNV,Câmbio,Cor,Portas;;Particular;Sete Lagoas;https://mg.olx.com.br/belo-horizonte-e-regiao/autos-e-pecas/carros-vans-e-utilitarios/fiat-uno-95-1098019951;07/11/2022
Publicado em 17/10 às 16:46;cód. 1098007192;20.000;Aceita troca;Carros, vans e utilitários,VW - VOLKSWAGEN GOL SPECIAL 1.0 MI 4P,VW - VOLKSWAGEN,Hatch,1993,115000,1.0,Álcool,Não,Manual,Mecânica,Cinza,2 portas,0;Categoria,Modelo,Marca,Tipo de veículo,Ano,Quilometragem,Potência do motor,Combustível,Kit GNV,Câmbio,Direção,Cor,Portas,Final de placa;Vidro elétrico,Trava elétrica;Particular;Itabirito;https://mg.olx.com.br/belo-horizonte-e-regiao/autos-e-pecas/carros-vans-e-utilitarios/vendo-gol-turbo-mili9-forjado-1098007192;07/11/2022
Publicado em 17/10 às 09:51;cód. 1097799751;11.900;Aceita troca,IPVA pago;Carros, vans e utilitários,GM - CHEVROLET OMEGA GLS 2.2 / 2.0,GM - CHEVROLET,Sedã,1993,300000,2.0 - 2.9,Gasolina,Não,Manual,Hidráulica,Azul,4 portas,4;Categoria,Modelo,Marca,Tipo de veículo,Ano,Quilometragem,Potência do motor,Combustível,Kit GNV,Câmbio,Direção,Cor,Portas,Final de placa;Ar condicionado;Particular;Contagem;https://mg.olx.com.br/belo-horizonte-e-regiao/autos-e-pecas/carros-vans-e-utilitarios/omega-2-0-1993-1097799751;07/11/2022
Publicado em 17/10 às 08:50;cód. 1097773862;8.800;;Carros, vans e utilitários,FIAT UNO MILLE 1.0 ELECTRONIC 4P,FIAT,Hatch,1993,0,1.0,Gasolina,Não,Manual,Mecânica,Verde,4 portas,7;Categoria,Modelo,Marca,Tipo de veículo,Ano,Quilometragem,Potência do motor,Combustível,Kit GNV,Câmbio,Direção,Cor,Portas,Final de placa;;Particular;Contagem;https://mg.olx.com.br/belo-horizonte-e-regiao/autos-e-pecas/carros-vans-e-utilitarios/vendo-uno-eletronic-4-portas-ano-93-1097773862;07/11/2022
Publicado em 16/10 às 18:58;cód. 1097652737;11.900;IPVA pago;Carros, vans e utilitários,VW - VOLKSWAGEN GOL 1.8 MI,VW - VOLKSWAGEN,1993,177,1.8,Gasolina,Não,Manual,Mecânica,Azul,2 portas,2;Categoria,Modelo,Marca,Ano,Quilometragem,Potência do motor,Combustível,Kit GNV,Câmbio,Direção,Cor,Portas,Final de placa;;Particular;Belo Horizonte;https://mg.olx.com.br/belo-horizonte-e-regiao/autos-e-pecas/carros-vans-e-utilitarios/gol-gl-1-8-ap-1993-1097652737;07/11/2022
Publicado em 16/10 às 16:03;cód. 1097599632;4.000;Aceita troca,Com multa,IPVA pago;Carros, vans e utilitários,GM - CHEVROLET MONZA GL 1.8 EFI/ SL/ L/ 650/BARC. 2E4P,GM - CHEVROLET,Sedã,1993,404891,1.8,Gasolina,Não,Manual,Mecânica,Cinza,4 portas,4;Categoria,Modelo,Marca,Tipo de veículo,Ano,Quilometragem,Potência do motor,Combustível,Kit GNV,Câmbio,Direção,Cor,Portas,Final de placa;Ar condicionado;Particular;Contagem;https://mg.olx.com.br/belo-horizonte-e-regiao/autos-e-pecas/carros-vans-e-utilitarios/monza-tubarao-93-sl-1097599632;07/11/2022
Publicado em 16/10 às 14:16;cód. 1097569983;13.000;IPVA pago,Não aceita troca;Carros, vans e utilitários,FIAT PREMIO CSL 1.6 I.E./ 1.5 4P,FIAT,Sedã,1993,273797,1.6,Gasolina,Não,Manual,Mecânica,Cinza,4 portas,8;Categoria,Modelo,Marca,Tipo de veículo,Ano,Quilometragem,Potência do motor,Combustível,Kit GNV,Câmbio,Direção,Cor,Portas,Final de placa;Vidro elétrico,Trava elétrica,Alarme,Som;Particular;Belo Horizonte;https://mg.olx.com.br/belo-horizonte-e-regiao/autos-e-pecas/carros-vans-e-utilitarios/premio-1993-4-portas-1097569983;07/11/2022
Publicado em 15/10 às 23:01;cód. 1097418019;15.400;Aceita troca,IPVA pago;Carros, vans e utilitários,GM - CHEVROLET MONZA GL 2.0 EFI/SL/L/650/CLUB/BARC.2E4P,GM - CHEVROLET,Sedã,1993,98000,2.0 - 2.9,Gasolina,Não,Manual,Hidráulica,Vermelho,2 portas,2;Categoria,Modelo,Marca,Tipo de veículo,Ano,Quilometragem,Potência do motor,Combustível,Kit GNV,Câmbio,Direção,Cor,Portas,Final de placa;Vidro elétrico;Particular;Caeté;https://mg.olx.com.br/belo-horizonte-e-regiao/autos-e-pecas/carros-vans-e-utilitarios/monza-1993-versao-especial-650-1097418019;07/11/2022
Publicado em 15/10 às 20:45;cód. 1094736244;24.000;Aceita troca;Carros, vans e utilitários,GM - CHEVROLET CHEVETTE L / SL / SL/E / DL / SE 1.6,GM - CHEVROLET,1993,0,1.6,Gasolina,Não,Manual,2 portas;Categoria,Modelo,Marca,Ano,Quilometragem,Potência do motor,Combustível,Kit GNV,Câmbio,Portas;Vidro elétrico,Som;Particular;Contagem;https://mg.olx.com.br/belo-horizonte-e-regiao/autos-e-pecas/carros-vans-e-utilitarios/chevette-1094736244;07/11/2022
Publicado em 15/10 às 19:59;cód. 1097378004;29.900;Aceita troca,IPVA pago;Carros, vans e utilitários,VW - VOLKSWAGEN PARATI GLSI 2.0 / GLS/ SURF 1.8,VW - VOLKSWAGEN,Hatch,1993,100,1.8,Gasolina,Não,Manual,Mecânica,Azul,2 portas,4;Categoria,Modelo,Marca,Tipo de veículo,Ano,Quilometragem,Potência do motor,Combustível,Kit GNV,Câmbio,Direção,Cor,Portas,Final de placa;Vidro elétrico,Trava elétrica,Ar condicionado,Som;Particular;Vespasiano;https://mg.olx.com.br/belo-horizonte-e-regiao/autos-e-pecas/carros-vans-e-utilitarios/parati-gls-93-1097378004;07/11/2022
Publicado em 15/10 às 17:23;cód. 1097329560;5.000;Aceita troca,IPVA pago;Carros, vans e utilitários,FORD ESCORT GHIA 1.8I / 1.8 / 1.6,FORD,Hatch,1993,200000,1.8,Gasolina,Não,Manual,Hidráulica,Azul,2 portas,4;Categoria,Modelo,Marca,Tipo de veículo,Ano,Quilometragem,Potência do motor,Combustível,Kit GNV,Câmbio,Direção,Cor,Portas,Final de placa;;Particular;Belo Horizonte;https://mg.olx.com.br/belo-horizonte-e-regiao/autos-e-pecas/carros-vans-e-utilitarios/escort-ghia-1-8-1097329560;07/11/2022
Publicado em 15/10 às 16:08;cód. 1097305636;24.900;Aceita troca,IPVA pago;Carros, vans e utilitários,HONDA CIVIC SEDAN EX 1.6 16V AUT. 4P (NACION.),HONDA,Sedã,1993,163000,1.6,Gasolina,Não,Automático,Hidráulica,Azul,4 portas,2;Categoria,Modelo,Marca,Tipo de veículo,Ano,Quilometragem,Potência do motor,Combustível,Kit GNV,Câmbio,Direção,Cor,Portas,Final de placa;Vidro elétrico,Air bag,Trava elétrica,Ar condicionado,Alarme,Som;Particular;Belo Horizonte;https://mg.olx.com.br/belo-horizonte-e-regiao/autos-e-pecas/carros-vans-e-utilitarios/honda-civic-1-6-ex-1097305636;07/11/2022
Publicado em 15/10 às 14:15;cód. 1097266480;7.500;Aceita troca;Carros, vans e utilitários,VW - VOLKSWAGEN GOL GL 1.8 MI 2P E 4P,VW - VOLKSWAGEN,Hatch,1993,15372,1.8,Gasolina,Manual,Mecânica,Verde,2 portas,0;Categoria,Modelo,Marca,Tipo de veículo,Ano,Quilometragem,Potência do motor,Combustível,Câmbio,Direção,Cor,Portas,Final de placa;Vidro elétrico,Alarme;Particular;Contagem;https://mg.olx.com.br/belo-horizonte-e-regiao/autos-e-pecas/carros-vans-e-utilitarios/vende-se-um-gol-quadrado-1097266480;07/11/2022
Publicado em 15/10 às 08:15;cód. 1097121203;12.500;;Carros, vans e utilitários,GM - CHEVROLET MONZA GL 1.8 EFI/ SL/ L/ 650/BARC. 2E4P,GM - CHEVROLET,Sedã,1993,90000,1.8,Gasolina,Não,Manual,Hidráulica,Vermelho,2 portas,3;Categoria,Modelo,Marca,Tipo de veículo,Ano,Quilometragem,Potência do motor,Combustível,Kit GNV,Câmbio,Direção,Cor,Portas,Final de placa;Vidro elétrico,Trava elétrica,Alarme,Som;Particular;Belo Horizonte;https://mg.olx.com.br/belo-horizonte-e-regiao/autos-e-pecas/carros-vans-e-utilitarios/monza-93-1-8-barcelona-650-aceito-troca-1097121203;07/11/2022
Publicado em 14/10 às 15:51;cód. 1096870507;4.000;Não aceita troca;Carros, vans e utilitários,GM - CHEVROLET MONZA GL 1.8 EFI/ SL/ L/ 650/BARC. 2E4P,GM - CHEVROLET,Sedã,1993,0,1.8,Gasolina,Sim,Manual,Hidráulica,Verde,2 portas,9;Categoria,Modelo,Marca,Tipo de veículo,Ano,Quilometragem,Potência do motor,Combustível,Kit GNV,Câmbio,Direção,Cor,Portas,Final de placa;Vidro elétrico,Ar condicionado;Particular;Betim;https://mg.olx.com.br/belo-horizonte-e-regiao/autos-e-pecas/carros-vans-e-utilitarios/monza-tubarao-1096870507;07/11/2022
Publicado em 14/10 às 15:01;cód. 1096846900;10.700;Não aceita troca;Carros, vans e utilitários,VW - VOLKSWAGEN PARATI CL 1.8 MI 2P E 4P,VW - VOLKSWAGEN,Sedã,1993,38900,1.6,Gasolina,Não,Manual,Mecânica,Azul,2 portas,5;Categoria,Modelo,Marca,Tipo de veículo,Ano,Quilometragem,Potência do motor,Combustível,Kit GNV,Câmbio,Direção,Cor,Portas,Final de placa;;Particular;Betim;https://mg.olx.com.br/belo-horizonte-e-regiao/autos-e-pecas/carros-vans-e-utilitarios/parati-93-1096846900;07/11/2022
Publicado em 14/10 às 14:57;cód. 1096842369;49.900;Aceita troca,IPVA pago,Único dono;Carros, vans e utilitários,VW - VOLKSWAGEN VOYAGE C/CL/FOX 1.6,VW - VOLKSWAGEN,Sedã,1993,999999,1.6,Álcool,Não,Manual,Mecânica,Azul,2 portas,4;Categoria,Modelo,Marca,Tipo de veículo,Ano,Quilometragem,Potência do motor,Combustível,Kit GNV,Câmbio,Direção,Cor,Portas,Final de placa;Vidro elétrico,Trava elétrica,Alarme,Som;Particular;Belo Horizonte;https://mg.olx.com.br/belo-horizonte-e-regiao/autos-e-pecas/carros-vans-e-utilitarios/voyage-turbo-zeroooo-legalizado-1096842369;07/11/2022
Publicado em 12/10 às 18:55;cód. 1096004361;23.000;IPVA pago,Não aceita troca;Carros, vans e utilitários,VW - VOLKSWAGEN GOL GT/GTS 1.8,VW - VOLKSWAGEN,Hatch,1993,93857,1.8,Álcool,Não,Manual,Vermelho,2 portas,3;Categoria,Modelo,Marca,Tipo de veículo,Ano,Quilometragem,Potência do motor,Combustível,Kit GNV,Câmbio,Cor,Portas,Final de placa;Vidro elétrico,Ar condicionado,Som;Particular;Belo Horizonte;https://mg.olx.com.br/belo-horizonte-e-regiao/autos-e-pecas/carros-vans-e-utilitarios/gol-gts-93-vermelho-colorado-1096004361;07/11/2022
Publicado em 12/10 às 16:12;cód. 1095957940;20.000;IPVA pago,Não aceita troca;Carros, vans e utilitários,VW - VOLKSWAGEN PARATI C 1.6/ CL 1.6 MI 2P E 4P,VW - VOLKSWAGEN,Van/Utilitário,1993,130000,1.6,Gasolina,Não,Manual,Mecânica,Prata,2 portas,3;Categoria,Modelo,Marca,Tipo de veículo,Ano,Quilometragem,Potência do motor,Combustível,Kit GNV,Câmbio,Direção,Cor,Portas,Final de placa;;Particular;Conselheiro Lafaiete;https://mg.olx.com.br/belo-horizonte-e-regiao/autos-e-pecas/carros-vans-e-utilitarios/parati-cl-93-excelente-estado-de-conservacao-1095957940;07/11/2022
Publicado em 11/10 às 20:06;cód. 1095647991;17.000;IPVA pago;Carros, vans e utilitários,VW - VOLKSWAGEN GOL CL 1.6 MI 2P E 4P,VW - VOLKSWAGEN,1993,29000,Gasolina,Não,Manual,2 portas;Categoria,Modelo,Marca,Ano,Quilometragem,Combustível,Kit GNV,Câmbio,Portas;;Particular;Contagem;https://mg.olx.com.br/belo-horizonte-e-regiao/autos-e-pecas/carros-vans-e-utilitarios/gol-quadrado-cl-1993-1-6-ap-gasolina-1095647991;07/11/2022
Publicado em 10/10 às 12:45;cód. 1094954129;7.000;Aceita troca;Carros, vans e utilitários,FORD ESCORT GLX 1.8I 8V,FORD,Sedã,1993,30000,Gasolina,Não,Manual,Hidráulica,Vermelho,2 portas;Categoria,Modelo,Marca,Tipo de veículo,Ano,Quilometragem,Combustível,Kit GNV,Câmbio,Direção,Cor,Portas;Vidro elétrico,Trava elétrica,Ar condicionado;Particular;Lagoa Santa;https://mg.olx.com.br/belo-horizonte-e-regiao/autos-e-pecas/carros-vans-e-utilitarios/escort-gl-ano-93-1094954129;07/11/2022
Publicado em 10/10 às 00:10;cód. 1094781619;13.299;Aceita troca;Carros, vans e utilitários,FIAT FIORINO PICK-UP 1.5 I.E./1.3/1.5/HD,FIAT,Pick-up,1993,100000,1.5,Álcool,Não,Manual,Mecânica,Prata,2 portas;Categoria,Modelo,Marca,Tipo de veículo,Ano,Quilometragem,Potência do motor,Combustível,Kit GNV,Câmbio,Direção,Cor,Portas;Som;Particular;Contagem;https://mg.olx.com.br/belo-horizonte-e-regiao/autos-e-pecas/carros-vans-e-utilitarios/fiorino-1-5-1094781619;07/11/2022
Publicado em 09/10 às 18:34;cód. 1094706519;24.900;IPVA pago,Não aceita troca;Carros, vans e utilitários,VW - VOLKSWAGEN PARATI GLI / GL 1.8,VW - VOLKSWAGEN,Sedã,1993,232000,1.8,Gasolina,Não,Manual,Mecânica,Vermelho,2 portas,9;Categoria,Modelo,Marca,Tipo de veículo,Ano,Quilometragem,Potência do motor,Combustível,Kit GNV,Câmbio,Direção,Cor,Portas,Final de placa;Alarme,Som;Particular;Ouro Preto;https://mg.olx.com.br/belo-horizonte-e-regiao/autos-e-pecas/carros-vans-e-utilitarios/parati-gl93-94-1094706519;07/11/2022
Publicado em 09/10 às 14:48;cód. 1094644723;11.900;Aceita troca,IPVA pago;Carros, vans e utilitários,VW - VOLKSWAGEN GOL GL 1.6 MI/STAR 1.6 E 1.8/ATLANTA 1.6,VW - VOLKSWAGEN,Hatch,1993,196000,1.8,Álcool,Não,Manual,Mecânica,Verde,2 portas,3;Categoria,Modelo,Marca,Tipo de veículo,Ano,Quilometragem,Potência do motor,Combustível,Kit GNV,Câmbio,Direção,Cor,Portas,Final de placa;Vidro elétrico,Som;Particular;Sarzedo;https://mg.olx.com.br/belo-horizonte-e-regiao/autos-e-pecas/carros-vans-e-utilitarios/gol-93-motor-ap-1-8-1094644723;07/11/2022
Publicado em 09/10 às 14:37;cód. 1092117976;15.900;Aceita troca,IPVA pago;Carros, vans e utilitários,VW - VOLKSWAGEN SANTANA GLSI / GLS 1.8/ 2.0,VW - VOLKSWAGEN,Sedã,1993,168000,2.0 - 2.9,Álcool,Não,Manual,Hidráulica,Azul,4 portas,5;Categoria,Modelo,Marca,Tipo de veículo,Ano,Quilometragem,Potência do motor,Combustível,Kit GNV,Câmbio,Direção,Cor,Portas,Final de placa;Vidro elétrico,Trava elétrica,Ar condicionado,Alarme,Som;Particular;Conselheiro Lafaiete;https://mg.olx.com.br/belo-horizonte-e-regiao/autos-e-pecas/carros-vans-e-utilitarios/vw-santana-gls-2000-ano-93-completo-lindo-para-pessoas-exigentes-1092117976;07/11/2022
Publicado em 08/10 às 16:16;cód. 1094367809;12.000;IPVA pago,Não aceita troca;Carros, vans e utilitários,FORD ESCORT GL 1.6I / 1.6,FORD,Hatch,1993,98000,1.6,Gasolina,Não,Manual,Mecânica,Cinza,2 portas,4;Categoria,Modelo,Marca,Tipo de veículo,Ano,Quilometragem,Potência do motor,Combustível,Kit GNV,Câmbio,Direção,Cor,Portas,Final de placa;Vidro elétrico,Som;Particular;Belo Horizonte;https://mg.olx.com.br/belo-horizonte-e-regiao/autos-e-pecas/carros-vans-e-utilitarios/escort-gl-93-1-6-1094367809;07/11/2022
Publicado em 07/10 às 11:12;cód. 1093832316;8.000;Não aceita troca;Carros, vans e utilitários,GM - CHEVROLET IPANEMA GL 1.8 MPFI / EFI /SL 4P,GM - CHEVROLET,Van/Utilitário,1993,10000,1.8,Gasolina,Sim,Manual,Mecânica,Prata,4 portas;Categoria,Modelo,Marca,Tipo de veículo,Ano,Quilometragem,Potência do motor,Combustível,Kit GNV,Câmbio,Direção,Cor,Portas;;Particular;Ribeirão das Neves;https://mg.olx.com.br/belo-horizonte-e-regiao/autos-e-pecas/carros-vans-e-utilitarios/ipanema-93-1093832316;07/11/2022
Publicado em 07/10 às 08:45;cód. 1083673919;55.000;IPVA pago,Não aceita troca;Carros, vans e utilitários,TOYOTA HILUX CD 4X4 2.8 DIESEL MEC.,TOYOTA,Pick-up,1993,284000,2.0 - 2.9,Diesel,Não,Manual,Hidráulica,Cinza,4 portas,1;Categoria,Modelo,Marca,Tipo de veículo,Ano,Quilometragem,Potência do motor,Combustível,Kit GNV,Câmbio,Direção,Cor,Portas,Final de placa;;Particular;Belo Horizonte;https://mg.olx.com.br/belo-horizonte-e-regiao/autos-e-pecas/carros-vans-e-utilitarios/hilux-93-japonesa-1083673919;07/11/2022
Publicado em 06/10 às 21:47;cód. 1093649215;40.000;Aceita troca,IPVA pago;Carros, vans e utilitários,GM - CHEVROLET C-20 CUSTOM STD. 4.1,GM - CHEVROLET,Pick-up,1993,123456,4.0 ou mais,Gasolina,Sim,Manual,Hidráulica,Branco,2 portas,6;Categoria,Modelo,Marca,Tipo de veículo,Ano,Quilometragem,Potência do motor,Combustível,Kit GNV,Câmbio,Direção,Cor,Portas,Final de placa;;Particular;Belo Horizonte;https://mg.olx.com.br/belo-horizonte-e-regiao/autos-e-pecas/carros-vans-e-utilitarios/chevrolet-c20-1093649215;07/11/2022
Publicado em 06/10 às 12:08;cód. 1093396159;10.500;IPVA pago,Não aceita troca;Carros, vans e utilitários,GM - CHEVROLET KADETT GLS 1.8 EFI / SL/E 1.8,GM - CHEVROLET,Hatch,1993,146,1.8,Gasolina,Não,Manual,Mecânica,Prata,2 portas,9;Categoria,Modelo,Marca,Tipo de veículo,Ano,Quilometragem,Potência do motor,Combustível,Kit GNV,Câmbio,Direção,Cor,Portas,Final de placa;Som;Particular;Belo Horizonte;https://mg.olx.com.br/belo-horizonte-e-regiao/autos-e-pecas/carros-vans-e-utilitarios/kadett-a-gasolina-93-1093396159;07/11/2022
Publicado em 05/10 às 20:50;cód. 1093063930;14.000;IPVA pago,Não aceita troca;Carros, vans e utilitários,GM - CHEVROLET OMEGA CD 4.1 / 3.0,GM - CHEVROLET,Sedã,1993,0,3.0 - 3.9,Gasolina,Não,Manual,Hidráulica,Vermelho,4 portas,9;Categoria,Modelo,Marca,Tipo de veículo,Ano,Quilometragem,Potência do motor,Combustível,Kit GNV,Câmbio,Direção,Cor,Portas,Final de placa;Vidro elétrico,Trava elétrica,Alarme,Som;Particular;Sabará;https://mg.olx.com.br/belo-horizonte-e-regiao/autos-e-pecas/carros-vans-e-utilitarios/omega-cd-3-0-1993-1093063930;07/11/2022
Publicado em 05/10 às 10:21;cód. 1092784438;5.999;Não aceita troca;Carros, vans e utilitários,VW - VOLKSWAGEN KOMBI LOTAÇÃO 1.6 MPI,VW - VOLKSWAGEN,Van/Utilitário,1993,1,1.6,Gasolina,Não,Manual,Mecânica,Branco,2 portas,8;Categoria,Modelo,Marca,Tipo de veículo,Ano,Quilometragem,Potência do motor,Combustível,Kit GNV,Câmbio,Direção,Cor,Portas,Final de placa;;Particular;Belo Horizonte;https://mg.olx.com.br/belo-horizonte-e-regiao/autos-e-pecas/carros-vans-e-utilitarios/oportunidade-kombi-93-avalio-proposta-1092784438;07/11/2022
Publicado em 05/10 às 00:04;cód. 1092700657;14.300;Aceita troca;Carros, vans e utilitários,GM - CHEVROLET OMEGA CD 4.1 / 3.0,GM - CHEVROLET,Sedã,1993,100000,3.0 - 3.9,Gasolina,Não,Manual,Hidráulica,Vermelho,4 portas,8;Categoria,Modelo,Marca,Tipo de veículo,Ano,Quilometragem,Potência do motor,Combustível,Kit GNV,Câmbio,Direção,Cor,Portas,Final de placa;Vidro elétrico,Air bag,Trava elétrica,Ar condicionado,Alarme;Particular;Belo Horizonte;https://mg.olx.com.br/belo-horizonte-e-regiao/autos-e-pecas/carros-vans-e-utilitarios/gm-omega-3-0-cd-1092700657;07/11/2022
Publicado em 04/10 às 21:48;cód. 1092678454;12.500;Carro Financiado,IPVA pago;Carros, vans e utilitários,VW - VOLKSWAGEN VOYAGE GL 1.8 4P (ARGENTINO),VW - VOLKSWAGEN,Sedã,1993,200000,1.8,Gasolina,Não,Manual,Mecânica,Outra,4 portas,4;Categoria,Modelo,Marca,Tipo de veículo,Ano,Quilometragem,Potência do motor,Combustível,Kit GNV,Câmbio,Direção,Cor,Portas,Final de placa;Vidro elétrico,Trava elétrica;Particular;Belo Horizonte;https://mg.olx.com.br/belo-horizonte-e-regiao/autos-e-pecas/carros-vans-e-utilitarios/voyage-93-1-8-ap-gasolina-4-portas-1092678454;07/11/2022
Publicado em 04/10 às 08:52;cód. 1092390080;3.500;IPVA pago,Não aceita troca;Carros, vans e utilitários,FIAT TEMPRA OURO 16V 2P E 4P,FIAT,Sedã,1993,57887,Gasolina,Não,Manual,Azul,4 portas;Categoria,Modelo,Marca,Tipo de veículo,Ano,Quilometragem,Combustível,Kit GNV,Câmbio,Cor,Portas;;Particular;Ribeirão das Neves;https://mg.olx.com.br/belo-horizonte-e-regiao/autos-e-pecas/carros-vans-e-utilitarios/fiat-tempra-1993-1092390080;07/11/2022
Publicado em 04/10 às 06:09;cód. 1092363163;40.000;Aceita troca;Carros, vans e utilitários,GM - CHEVROLET BRASINCA BLAZER CD 4.0 DIESEL,GM - CHEVROLET,SUV,1993,30000,2.0 - 2.9,Diesel,Não,Manual,Hidráulica,Cinza,2 portas,3;Categoria,Modelo,Marca,Tipo de veículo,Ano,Quilometragem,Potência do motor,Combustível,Kit GNV,Câmbio,Direção,Cor,Portas,Final de placa;Vidro elétrico,Trava elétrica,Ar condicionado,Som;Particular;Raposos;https://mg.olx.com.br/belo-horizonte-e-regiao/autos-e-pecas/carros-vans-e-utilitarios/vendo-ou-troco-blazer-sulan-1092363163;07/11/2022
Publicado em 03/10 às 18:58;cód. 1092251416;45.000;IPVA pago,Não aceita troca,Único dono;Carros, vans e utilitários,GM - CHEVROLET C-20 CUSTOM DE LUXE 4.1,GM - CHEVROLET,SUV,1993,100000,4.0 ou mais,Diesel,Não,Manual,Hidráulica,Vermelho,2 portas,8;Categoria,Modelo,Marca,Tipo de veículo,Ano,Quilometragem,Potência do motor,Combustível,Kit GNV,Câmbio,Direção,Cor,Portas,Final de placa;Vidro elétrico,Trava elétrica,Ar condicionado,Alarme,Som,Sensor de ré,Câmera de ré;Particular;Ribeirão das Neves;https://mg.olx.com.br/belo-horizonte-e-regiao/autos-e-pecas/carros-vans-e-utilitarios/vendo-camionete-c20-chevrolet-1092251416;07/11/2022
Publicado em 03/10 às 13:26;cód. 1092088901;4.000;Aceita troca;Carros, vans e utilitários,FIAT TEMPRA OURO 16V 2P E 4P,FIAT,Sedã,1993,219599,2.0 - 2.9,Gasolina,Não,Manual,Elétrica,Preto,4 portas,1;Categoria,Modelo,Marca,Tipo de veículo,Ano,Quilometragem,Potência do motor,Combustível,Kit GNV,Câmbio,Direção,Cor,Portas,Final de placa;Vidro elétrico,Trava elétrica,Ar condicionado;Particular;Jequitibá;https://mg.olx.com.br/belo-horizonte-e-regiao/autos-e-pecas/carros-vans-e-utilitarios/tempra-1092088901;07/11/2022
Publicado em 03/10 às 11:58;cód. 1092026810;None;;Carros, vans e utilitários,FIAT UNO CS/TOP/SPORT 1.5 I.E. / 1.5 4P,FIAT,Pick-up,1993,0,1.5,Gasolina,Sim,Manual,Mecânica,Verde,4 portas,1;Categoria,Modelo,Marca,Tipo de veículo,Ano,Quilometragem,Potência do motor,Combustível,Kit GNV,Câmbio,Direção,Cor,Portas,Final de placa;Alarme;Particular;Belo Horizonte;https://mg.olx.com.br/belo-horizonte-e-regiao/autos-e-pecas/carros-vans-e-utilitarios/uno-conservado-1092026810;07/11/2022
Publicado em 03/10 às 00:00;cód. 1091909181;12.000;Aceita troca;Carros, vans e utilitários,GM - CHEVROLET OMEGA GLS 2.2 / 2.0,GM - CHEVROLET,1993,194000,Gasolina,Não,Manual,4 portas;Categoria,Modelo,Marca,Ano,Quilometragem,Combustível,Kit GNV,Câmbio,Portas;Vidro elétrico,Trava elétrica,Ar condicionado,Alarme,Sensor de ré;Particular;Contagem;https://mg.olx.com.br/belo-horizonte-e-regiao/autos-e-pecas/carros-vans-e-utilitarios/omega-suprema-completa-1091909181;07/11/2022
Publicado em 02/10 às 21:36;cód. 1091880691;23.000;IPVA pago,Não aceita troca;Carros, vans e utilitários,FORD PAMPA L 1.8I / 1.8,FORD,Pick-up,1993,278000,1.8,Gasolina,Não,Manual,Mecânica,Preto,2 portas,6;Categoria,Modelo,Marca,Tipo de veículo,Ano,Quilometragem,Potência do motor,Combustível,Kit GNV,Câmbio,Direção,Cor,Portas,Final de placa;Vidro elétrico,Trava elétrica,Alarme,Som;Particular;Belo Horizonte;https://mg.olx.com.br/belo-horizonte-e-regiao/autos-e-pecas/carros-vans-e-utilitarios/ford-pampa-92-93-1091880691;07/11/2022
Publicado em 01/10 às 16:40;cód. 1091609960;9.000;Não aceita troca;Carros, vans e utilitários,FIAT UNO MILLE 1.0/ I.E./ ELECTRONIC/  BRIO,FIAT,1993,112742,1.0,Gasolina,Não,Manual,Mecânica,Vermelho,4 portas,0;Categoria,Modelo,Marca,Ano,Quilometragem,Potência do motor,Combustível,Kit GNV,Câmbio,Direção,Cor,Portas,Final de placa;Vidro elétrico,Trava elétrica,Alarme,Som;Particular;Betim;https://mg.olx.com.br/belo-horizonte-e-regiao/autos-e-pecas/carros-vans-e-utilitarios/veiculo-1091609960;07/11/2022
Publicado em 30/09 às 23:04;cód. 1091365719;9.000;Aceita troca,IPVA pago;Carros, vans e utilitários,GM - CHEVROLET MONZA GL 2.0 EFI/SL/L/650/CLUB/BARC.2E4P,GM - CHEVROLET,Sedã,1993,150000,2.0 - 2.9,Gasolina,Não,Manual,Mecânica,Vermelho,2 portas,0;Categoria,Modelo,Marca,Tipo de veículo,Ano,Quilometragem,Potência do motor,Combustível,Kit GNV,Câmbio,Direção,Cor,Portas,Final de placa;Vidro elétrico,Trava elétrica;Particular;Belo Horizonte;https://mg.olx.com.br/belo-horizonte-e-regiao/autos-e-pecas/carros-vans-e-utilitarios/monza-tubarao-sl-2-0-93-93-1091365719;07/11/2022
Publicado em 30/09 às 09:55;cód. 1091072540;30.000;Aceita troca,IPVA pago;Carros, vans e utilitários,FORD PAMPA S 1.8,FORD,Pick-up,1993,234,1.8,Álcool,Não,Manual,Mecânica,Branco,2 portas,1;Categoria,Modelo,Marca,Tipo de veículo,Ano,Quilometragem,Potência do motor,Combustível,Kit GNV,Câmbio,Direção,Cor,Portas,Final de placa;;Particular;Belo Horizonte;https://mg.olx.com.br/belo-horizonte-e-regiao/autos-e-pecas/carros-vans-e-utilitarios/pampa-cabine-dupla-1091072540;07/11/2022
Publicado em 29/09 às 19:12;cód. 1090879724;12.000;Aceita troca,IPVA pago;Carros, vans e utilitários,VW - VOLKSWAGEN GOL 1.6 MI/ 1.6I 2P,VW - VOLKSWAGEN,1993,406,1.6,Gasolina,Não,Manual,Cinza,2 portas,1;Categoria,Modelo,Marca,Ano,Quilometragem,Potência do motor,Combustível,Kit GNV,Câmbio,Cor,Portas,Final de placa;Vidro elétrico;Particular;Belo Horizonte;https://mg.olx.com.br/belo-horizonte-e-regiao/autos-e-pecas/carros-vans-e-utilitarios/gol-quadrado-1090879724;07/11/2022
Publicado em 29/09 às 11:25;cód. 1090666585;9.500;IPVA pago,Não aceita troca;Carros, vans e utilitários,VW - VOLKSWAGEN SAVEIRO GL 1.8MI E 1.6/GL/LS/S/ SUNSET,VW - VOLKSWAGEN,Pick-up,1993,99999999,1.6,Gasolina,Não,Manual,Mecânica,Vermelho,2 portas,9;Categoria,Modelo,Marca,Tipo de veículo,Ano,Quilometragem,Potência do motor,Combustível,Kit GNV,Câmbio,Direção,Cor,Portas,Final de placa;;Particular;Contagem;https://mg.olx.com.br/belo-horizonte-e-regiao/autos-e-pecas/carros-vans-e-utilitarios/saveiro-1-6-ap-1090666585;07/11/2022
Publicado em 27/09 às 10:58;cód. 1089671252;23.000;IPVA pago;Carros, vans e utilitários,VW - VOLKSWAGEN SAVEIRO CL/ SUMMER 1.8 MI E 1.8,VW - VOLKSWAGEN,Pick-up,1993,2,1.6,Gasolina,Não,Manual,Mecânica,Vermelho,2;Categoria,Modelo,Marca,Tipo de veículo,Ano,Quilometragem,Potência do motor,Combustível,Kit GNV,Câmbio,Direção,Cor,Final de placa;Vidro elétrico,Trava elétrica,Alarme,Som;Particular;Betim;https://mg.olx.com.br/belo-horizonte-e-regiao/autos-e-pecas/carros-vans-e-utilitarios/saveiro-cl-1993-summer-1089671252;07/11/2022
Publicado em 27/09 às 10:12;cód. 1078915810;39.900;Aceita troca,IPVA pago;Carros, vans e utilitários,VW - VOLKSWAGEN VOYAGE L/LS/PLUS/GLS/S/SPORT/SUPER L.ANG,VW - VOLKSWAGEN,1993,80000,Álcool,Não,Manual,Hidráulica,Prata,2 portas;Categoria,Modelo,Marca,Ano,Quilometragem,Combustível,Kit GNV,Câmbio,Direção,Cor,Portas;Vidro elétrico,Trava elétrica,Alarme,Som;Particular;Belo Horizonte;https://mg.olx.com.br/belo-horizonte-e-regiao/autos-e-pecas/carros-vans-e-utilitarios/voyage-sport-s-1-8-1078915810;07/11/2022
Publicado em 26/09 às 21:59;cód. 1089468687;6.500;Aceita troca;Carros, vans e utilitários,FIAT UNO MILLE 1.0/ I.E./ ELECTRONIC/  BRIO,FIAT,Hatch,1993,21000,1.0,Gasolina,Não,Manual,Cinza,2 portas,1;Categoria,Modelo,Marca,Tipo de veículo,Ano,Quilometragem,Potência do motor,Combustível,Kit GNV,Câmbio,Cor,Portas,Final de placa;;Particular;Belo Horizonte;https://mg.olx.com.br/belo-horizonte-e-regiao/autos-e-pecas/carros-vans-e-utilitarios/uno-93-1089468687;07/11/2022
Publicado em 26/09 às 20:48;cód. 1089438410;12.500;Não aceita troca;Carros, vans e utilitários,VW - VOLKSWAGEN GOL CL 1.6 MI 2P E 4P,VW - VOLKSWAGEN,Hatch,1993,90000,Gasolina,Não,Manual,Branco,2 portas;Categoria,Modelo,Marca,Tipo de veículo,Ano,Quilometragem,Combustível,Kit GNV,Câmbio,Cor,Portas;;Particular;Mariana;https://mg.olx.com.br/belo-horizonte-e-regiao/autos-e-pecas/carros-vans-e-utilitarios/gol-93-1-6-cl-1089438410;07/11/2022
Publicado em 26/09 às 18:25;cód. 1089383393;12.000;Aceita troca,IPVA pago;Carros, vans e utilitários,FIAT UNO MILLE 1.0 ELECTRONIC 4P,FIAT,Hatch,1993,129000,1.0,Gasolina,Não,Manual,Assistida,Cinza,4 portas;Categoria,Modelo,Marca,Tipo de veículo,Ano,Quilometragem,Potência do motor,Combustível,Kit GNV,Câmbio,Direção,Cor,Portas;;Particular;Ibirité;https://mg.olx.com.br/belo-horizonte-e-regiao/autos-e-pecas/carros-vans-e-utilitarios/uno-vendo-ou-troco-1089383393;07/11/2022
Publicado em 26/09 às 17:55;cód. 1089366034;13.000;IPVA pago,Não aceita troca;Carros, vans e utilitários,GM - CHEVROLET MONZA CLASSIC SE 2.0 /MPFI E EFI 2P E 4P,GM - CHEVROLET,Sedã,1993,190000,2.0 - 2.9,Gasolina,Não,Manual,Hidráulica,Cinza,5;Categoria,Modelo,Marca,Tipo de veículo,Ano,Quilometragem,Potência do motor,Combustível,Kit GNV,Câmbio,Direção,Cor,Final de placa;Vidro elétrico,Trava elétrica,Ar condicionado,Som;Particular;Belo Horizonte;https://mg.olx.com.br/belo-horizonte-e-regiao/autos-e-pecas/carros-vans-e-utilitarios/monza-tubarao-93-1089366034;07/11/2022
Publicado em 26/09 às 06:46;cód. 1089064974;5.500;Aceita troca,IPVA pago;Carros, vans e utilitários,VW - VOLKSWAGEN GOL 1000 (MODELO ANTIGO),VW - VOLKSWAGEN,Hatch,1993,190000,1.6,Gasolina,Não,Manual,Mecânica,Branco,2 portas,9;Categoria,Modelo,Marca,Tipo de veículo,Ano,Quilometragem,Potência do motor,Combustível,Kit GNV,Câmbio,Direção,Cor,Portas,Final de placa;;Particular;Betim;https://mg.olx.com.br/belo-horizonte-e-regiao/autos-e-pecas/carros-vans-e-utilitarios/gol-93-modelo-1000-troco-por-moto-leia-o-anuncio-1089064974;07/11/2022
Publicado em 25/09 às 13:58;cód. 1088885903;2.000;IPVA pago,Não aceita troca;Carros, vans e utilitários,FIAT TIPO 1.6 I.E. 2P E 4P,FIAT,Hatch,1993,180000,1.6,Gasolina,Não,Manual,Hidráulica,Vermelho,2 portas,2;Categoria,Modelo,Marca,Tipo de veículo,Ano,Quilometragem,Potência do motor,Combustível,Kit GNV,Câmbio,Direção,Cor,Portas,Final de placa;;Particular;Confins;https://mg.olx.com.br/belo-horizonte-e-regiao/autos-e-pecas/carros-vans-e-utilitarios/vende-se-1088885903;07/11/2022
Publicado em 24/09 às 17:56;cód. 1088672805;12.500;Não aceita troca;Carros, vans e utilitários,GM - CHEVROLET CHEVETTE L / SL / SL/E / DL / SE 1.6,GM - CHEVROLET,Sedã,1993,0,1.6,Gasolina,Não,Manual,Mecânica,Prata,2 portas;Categoria,Modelo,Marca,Tipo de veículo,Ano,Quilometragem,Potência do motor,Combustível,Kit GNV,Câmbio,Direção,Cor,Portas;Trava elétrica;Particular;Contagem;https://mg.olx.com.br/belo-horizonte-e-regiao/autos-e-pecas/carros-vans-e-utilitarios/chevette-l-93-93-1-6-1088672805;07/11/2022
Publicado em 24/09 às 13:58;cód. 1088604442;11.990;Aceita troca,IPVA pago;Carros, vans e utilitários,FIAT ELBA S 1.6/ 1.5IE / 1.5 / 1.3,FIAT,Sedã,1993,150000,1.5,Gasolina,Não,Manual,Mecânica,Branco,4 portas,1;Categoria,Modelo,Marca,Tipo de veículo,Ano,Quilometragem,Potência do motor,Combustível,Kit GNV,Câmbio,Direção,Cor,Portas,Final de placa;Som;Particular;Belo Horizonte;https://mg.olx.com.br/belo-horizonte-e-regiao/autos-e-pecas/carros-vans-e-utilitarios/fiat-elba-1-5-conservada-1088604442;07/11/2022
Publicado em 23/09 às 21:01;cód. 1088359017;36.000;IPVA pago,Não aceita troca,Único dono;Carros, vans e utilitários,TOYOTA CAMRY XLE 3.0 24V 186CV,TOYOTA,Sedã,1993,93000,3.0 - 3.9,Gasolina,Não,Automático,Hidráulica,Prata,4 portas,0;Categoria,Modelo,Marca,Tipo de veículo,Ano,Quilometragem,Potência do motor,Combustível,Kit GNV,Câmbio,Direção,Cor,Portas,Final de placa;Vidro elétrico,Air bag,Trava elétrica,Ar condicionado,Alarme,Som,Sensor de ré;Particular;Contagem;https://mg.olx.com.br/belo-horizonte-e-regiao/autos-e-pecas/carros-vans-e-utilitarios/toyota-carmy-xle-limited-edition-3-0-v6-1088359017;07/11/2022
Publicado em 23/09 às 19:39;cód. 1088326214;8.000;Aceita troca;Carros, vans e utilitários,VW - VOLKSWAGEN GOL 1.6 MI/ 1.6I 2P,VW - VOLKSWAGEN,Hatch,1993,0,1.6,Álcool,Não,Manual,Mecânica,Verde,2 portas,9;Categoria,Modelo,Marca,Tipo de veículo,Ano,Quilometragem,Potência do motor,Combustível,Kit GNV,Câmbio,Direção,Cor,Portas,Final de placa;;Particular;Sabará;https://mg.olx.com.br/belo-horizonte-e-regiao/autos-e-pecas/carros-vans-e-utilitarios/vendo-gol-ano-93-motor-1-6-alcool-valor-8-000-1088326214;07/11/2022
Publicado em 22/09 às 22:45;cód. 1087931254;3.000;IPVA pago,Não aceita troca,Único dono;Carros, vans e utilitários,FIAT TEMPRA 2.0 I.E. 8V 2P E 4P,FIAT,Sedã,1993,58000,2.0 - 2.9,Gasolina,Não,Manual,Hidráulica,Verde,4 portas;Categoria,Modelo,Marca,Tipo de veículo,Ano,Quilometragem,Potência do motor,Combustível,Kit GNV,Câmbio,Direção,Cor,Portas;;Particular;Belo Horizonte;https://mg.olx.com.br/belo-horizonte-e-regiao/autos-e-pecas/carros-vans-e-utilitarios/tirar-peca-1087931254;07/11/2022
Publicado em 21/09 às 18:22;cód. 1087335171;13.000;;Carros, vans e utilitários,FORD PAMPA L 1.8I / 1.8,FORD,1993,0,Não;Categoria,Modelo,Marca,Ano,Quilometragem,Kit GNV;;Particular;Belo Horizonte;https://mg.olx.com.br/belo-horizonte-e-regiao/autos-e-pecas/carros-vans-e-utilitarios/caminhonete-ford-pampa-1-8l-1993-1087335171;07/11/2022
Publicado em 21/09 às 16:29;cód. 1087275599;6.500;Aceita troca,IPVA pago;Carros, vans e utilitários,FIAT UNO MILLE 1.0 ELECTRONIC 4P,FIAT,1993,10800,1.0,Gasolina,Não,Manual,Mecânica,Vermelho,4 portas,5;Categoria,Modelo,Marca,Ano,Quilometragem,Potência do motor,Combustível,Kit GNV,Câmbio,Direção,Cor,Portas,Final de placa;Alarme,Som;Particular;Belo Horizonte;https://mg.olx.com.br/belo-horizonte-e-regiao/autos-e-pecas/carros-vans-e-utilitarios/uno-eletronico-4-portas-1087275599;07/11/2022
Publicado em 21/09 às 15:41;cód. 1087237079;9.500;Aceita troca,IPVA pago;Carros, vans e utilitários,GM - CHEVROLET MONZA GLS/ HI-TECH 2.0 EFI 2P E 4P,GM - CHEVROLET,Sedã,1993,120000,2.0 - 2.9,Gasolina,Não,Manual,Hidráulica,Cinza,4 portas,4;Categoria,Modelo,Marca,Tipo de veículo,Ano,Quilometragem,Potência do motor,Combustível,Kit GNV,Câmbio,Direção,Cor,Portas,Final de placa;Vidro elétrico,Trava elétrica,Alarme,Som;Particular;Contagem;https://mg.olx.com.br/belo-horizonte-e-regiao/autos-e-pecas/carros-vans-e-utilitarios/vendo-monza-tubarao-1087237079;07/11/2022
Publicado em 19/09 às 16:48;cód. 1086309812;32.000;IPVA pago,Não aceita troca;Carros, vans e utilitários,SUZUKI VITARA JLX CANVAS 1.6 8V 2P,SUZUKI,Conversível,1993,1000000,1.6,Gasolina,Não,Manual,Hidráulica,Azul,2 portas,0;Categoria,Modelo,Marca,Tipo de veículo,Ano,Quilometragem,Potência do motor,Combustível,Kit GNV,Câmbio,Direção,Cor,Portas,Final de placa;Vidro elétrico,Trava elétrica,Ar condicionado,Som;Particular;Betim;https://mg.olx.com.br/belo-horizonte-e-regiao/autos-e-pecas/carros-vans-e-utilitarios/vitara-canvas-94-1086309812;07/11/2022
Publicado em 19/09 às 09:05;cód. 1086078999;76.900;IPVA pago,Não aceita troca;Carros, vans e utilitários,GM - CHEVROLET D-20 S / EL CAMINHO 3.9/4.0 CD T.DIES,GM - CHEVROLET,Pick-up,1993,410000,4.0 ou mais,Diesel,Não,Manual,Hidráulica,Vermelho,2 portas,7;Categoria,Modelo,Marca,Tipo de veículo,Ano,Quilometragem,Potência do motor,Combustível,Kit GNV,Câmbio,Direção,Cor,Portas,Final de placa;Vidro elétrico,Trava elétrica,Ar condicionado,Alarme,Som;Particular;Belo Horizonte;https://mg.olx.com.br/belo-horizonte-e-regiao/autos-e-pecas/carros-vans-e-utilitarios/d20-brasinca-andaluz-1086078999;07/11/2022
Publicado em 18/09 às 22:47;cód. 1085997207;4.000;Aceita troca;Carros, vans e utilitários,GM - CHEVROLET KADETT GL/SL/LITE/TURIM 1.8,GM - CHEVROLET,Sedã,1993,100000,1.8,Álcool,Não,Manual,Hidráulica,Branco,2 portas,0;Categoria,Modelo,Marca,Tipo de veículo,Ano,Quilometragem,Potência do motor,Combustível,Kit GNV,Câmbio,Direção,Cor,Portas,Final de placa;;Particular;Vespasiano;https://mg.olx.com.br/belo-horizonte-e-regiao/autos-e-pecas/carros-vans-e-utilitarios/kadett-1085997207;07/11/2022
Publicado em 18/09 às 15:04;cód. 1085883851;4.000;;Carros, vans e utilitários,FIAT UNO MILLE 1.0/ I.E./ ELECTRONIC/  BRIO,FIAT,Hatch,1993,173425,1.0,Gasolina,Não,Manual,Mecânica,Cinza,9;Categoria,Modelo,Marca,Tipo de veículo,Ano,Quilometragem,Potência do motor,Combustível,Kit GNV,Câmbio,Direção,Cor,Final de placa;;Particular;Betim;https://mg.olx.com.br/belo-horizonte-e-regiao/autos-e-pecas/carros-vans-e-utilitarios/uno-93-doc-21-1085883851;07/11/2022
Publicado em 18/09 às 12:04;cód. 1085831047;9.000;Aceita troca,IPVA pago,Único dono;Carros, vans e utilitários,GM - CHEVROLET MONZA CLASSIC SE 2.0 /MPFI E EFI 2P E 4P,GM - CHEVROLET,Sedã,1993,200000,2.0 - 2.9,Gasolina,Não,Manual,Hidráulica,Outra,4 portas,6;Categoria,Modelo,Marca,Tipo de veículo,Ano,Quilometragem,Potência do motor,Combustível,Kit GNV,Câmbio,Direção,Cor,Portas,Final de placa;Vidro elétrico,Alarme,Som;Particular;Santa Luzia;https://mg.olx.com.br/belo-horizonte-e-regiao/autos-e-pecas/carros-vans-e-utilitarios/monza-tubarao-1085831047;07/11/2022
Publicado em 18/09 às 11:58;cód. 1085829558;18.000;IPVA pago,Não aceita troca;Carros, vans e utilitários,FORD ESCORT L/LX 1.6,FORD,Hatch,1993,93000,1.6,Álcool,Não,Manual,Hidráulica,Prata,2 portas,0;Categoria,Modelo,Marca,Tipo de veículo,Ano,Quilometragem,Potência do motor,Combustível,Kit GNV,Câmbio,Direção,Cor,Portas,Final de placa;;Particular;Belo Horizonte;https://mg.olx.com.br/belo-horizonte-e-regiao/autos-e-pecas/carros-vans-e-utilitarios/escort-l-93-1-6-rarissimo-1085829558;07/11/2022
Publicado em 15/09 às 17:47;cód. 1084798219;11.000;Aceita troca,IPVA pago;Carros, vans e utilitários,GM - CHEVROLET MONZA SL/E SR 2.0,GM - CHEVROLET,Sedã,1993,154000,2.0 - 2.9,Gasolina,Não,Manual,Hidráulica,Azul,2 portas,0;Categoria,Modelo,Marca,Tipo de veículo,Ano,Quilometragem,Potência do motor,Combustível,Kit GNV,Câmbio,Direção,Cor,Portas,Final de placa;Vidro elétrico,Trava elétrica,Som;Particular;Contagem;https://mg.olx.com.br/belo-horizonte-e-regiao/autos-e-pecas/carros-vans-e-utilitarios/monza-93-completo-ar-2-0-1084798219;07/11/2022
Publicado em 15/09 às 17:13;cód. 1084783799;25.000;Não aceita troca;Carros, vans e utilitários,FIAT FIORINO PICK-UP LX (TODAS),FIAT,Pick-up,1993,225000,1.6,Gasolina,Não,Manual,Mecânica,Cinza,2 portas,4;Categoria,Modelo,Marca,Tipo de veículo,Ano,Quilometragem,Potência do motor,Combustível,Kit GNV,Câmbio,Direção,Cor,Portas,Final de placa;Vidro elétrico,Trava elétrica,Som;Particular;Igarapé;https://mg.olx.com.br/belo-horizonte-e-regiao/autos-e-pecas/carros-vans-e-utilitarios/fiorino-93-toda-reformada-1084783799;07/11/2022
Publicado em 15/09 às 15:47;cód. 1084730399;17.500;Aceita troca,IPVA pago;Carros, vans e utilitários,VW - VOLKSWAGEN SAVEIRO CL 1.6 MI / CL/ C 1.6,VW - VOLKSWAGEN,1993,200,1.6,Álcool,Não,Hidráulica,Prata,2 portas,6;Categoria,Modelo,Marca,Ano,Quilometragem,Potência do motor,Combustível,Kit GNV,Direção,Cor,Portas,Final de placa;;Particular;Ipatinga;https://mg.olx.com.br/belo-horizonte-e-regiao/autos-e-pecas/carros-vans-e-utilitarios/saveiro-93-direcao-hidraulica-1084730399;07/11/2022
Publicado em 15/09 às 14:16;cód. 1084690198;8.000;IPVA pago,Não aceita troca;Carros, vans e utilitários,FORD ESCORT GL 1.8I / 1.8,FORD,Hatch,1993,76648,1.8,Gasolina,Não,Manual,Mecânica,Cinza,2 portas,3;Categoria,Modelo,Marca,Tipo de veículo,Ano,Quilometragem,Potência do motor,Combustível,Kit GNV,Câmbio,Direção,Cor,Portas,Final de placa;;Particular;Belo Horizonte;https://mg.olx.com.br/belo-horizonte-e-regiao/autos-e-pecas/carros-vans-e-utilitarios/escort-gl-1993-1084690198;07/11/2022
Publicado em 15/09 às 09:51;cód. 1084552507;12.000;Aceita troca,Único dono;Carros, vans e utilitários,VW - VOLKSWAGEN GOL GL 1.6 MI/STAR 1.6 E 1.8/ATLANTA 1.6,VW - VOLKSWAGEN,Hatch,1993,174000,1.6,Gasolina,Não,Manual,Mecânica,Outra,2 portas,9;Categoria,Modelo,Marca,Tipo de veículo,Ano,Quilometragem,Potência do motor,Combustível,Kit GNV,Câmbio,Direção,Cor,Portas,Final de placa;;Particular;Vespasiano;https://mg.olx.com.br/belo-horizonte-e-regiao/autos-e-pecas/carros-vans-e-utilitarios/gol-1-6-93-1084552507;07/11/2022
Publicado em 13/09 às 21:03;cód. 1083891677;6.200;IPVA pago,Não aceita troca;Carros, vans e utilitários,FIAT UNO MILLE 1.0/ I.E./ ELECTRONIC/  BRIO,FIAT,Hatch,1993,0,1.0,Gasolina,Não,Manual,Mecânica,Cinza,2 portas,0;Categoria,Modelo,Marca,Tipo de veículo,Ano,Quilometragem,Potência do motor,Combustível,Kit GNV,Câmbio,Direção,Cor,Portas,Final de placa;;Particular;Betim;https://mg.olx.com.br/belo-horizonte-e-regiao/autos-e-pecas/carros-vans-e-utilitarios/uno-93-eletronic-1-0-1083891677;07/11/2022
Publicado em 13/09 às 18:48;cód. 1083836559;17.000;Aceita troca,IPVA pago;Carros, vans e utilitários,VW - VOLKSWAGEN GOL CL 1.6 MI 2P E 4P,VW - VOLKSWAGEN,Hatch,1993,29000,1.6,Gasolina,Não,Manual,Mecânica,Verde,2 portas;Categoria,Modelo,Marca,Tipo de veículo,Ano,Quilometragem,Potência do motor,Combustível,Kit GNV,Câmbio,Direção,Cor,Portas;;Particular;Contagem;https://mg.olx.com.br/belo-horizonte-e-regiao/autos-e-pecas/carros-vans-e-utilitarios/gol-cl-1-6-ap-1993-29-mil-km-1083836559;07/11/2022
Publicado em 13/09 às 16:24;cód. 1083763300;48.000;Aceita troca,IPVA pago;Carros, vans e utilitários,GM - CHEVROLET D-20 S 3.9/4.0 TURBO DIESEL,GM - CHEVROLET,Caminhão Leve,1993,0,3.0 - 3.9,Diesel,Não,Manual,Hidráulica,Vermelho,2 portas,7;Categoria,Modelo,Marca,Tipo de veículo,Ano,Quilometragem,Potência do motor,Combustível,Kit GNV,Câmbio,Direção,Cor,Portas,Final de placa;Som;Particular;Belo Horizonte;https://mg.olx.com.br/belo-horizonte-e-regiao/autos-e-pecas/carros-vans-e-utilitarios/d-20-1993-diesel-direcao-hidraulica-e-turbinada-1083763300;07/11/2022
Publicado em 13/09 às 15:29;cód. 1083735063;7.000;Com multa;Carros, vans e utilitários,VW - VOLKSWAGEN GOL 1000 (MODELO ANTIGO),VW - VOLKSWAGEN,Hatch,1993,0,1.0,Gasolina,Não,Manual,Mecânica,Branco,2 portas,4;Categoria,Modelo,Marca,Tipo de veículo,Ano,Quilometragem,Potência do motor,Combustível,Kit GNV,Câmbio,Direção,Cor,Portas,Final de placa;;Particular;Belo Horizonte;https://mg.olx.com.br/belo-horizonte-e-regiao/autos-e-pecas/carros-vans-e-utilitarios/gol-quadrado-vw-93-1000-1083735063;07/11/2022
Publicado em 12/09 às 19:59;cód. 1083364446;15.000;Aceita troca,IPVA pago;Carros, vans e utilitários,VW - VOLKSWAGEN GOL CL 1.6 MI 2P E 4P,VW - VOLKSWAGEN,Hatch,1993,10,1.0,Gasolina,Não,Manual,Mecânica,Prata,2 portas,5;Categoria,Modelo,Marca,Tipo de veículo,Ano,Quilometragem,Potência do motor,Combustível,Kit GNV,Câmbio,Direção,Cor,Portas,Final de placa;;Particular;Ibirité;https://mg.olx.com.br/belo-horizonte-e-regiao/autos-e-pecas/carros-vans-e-utilitarios/gol-93-1083364446;07/11/2022
Publicado em 11/09 às 10:55;cód. 1082767282;13.000;IPVA pago,Não aceita troca;Carros, vans e utilitários,VW - VOLKSWAGEN VOYAGE C/CL/FOX 1.6,VW - VOLKSWAGEN,1993,888888,1.6,Gasolina,Não,Manual,Mecânica,Azul,2;Categoria,Modelo,Marca,Ano,Quilometragem,Potência do motor,Combustível,Kit GNV,Câmbio,Direção,Cor,Final de placa;Trava elétrica,Alarme,Som;Particular;Contagem;https://mg.olx.com.br/belo-horizonte-e-regiao/autos-e-pecas/carros-vans-e-utilitarios/vw-voyage-cl-92-93-1-6-1082767282;07/11/2022
Publicado em 11/09 às 09:21;cód. 1082745535;10.200;IPVA pago,Não aceita troca;Carros, vans e utilitários,GM - CHEVROLET MONZA CLASSIC SE 2.0 /MPFI E EFI 2P E 4P,GM - CHEVROLET,1993,51399,2.0 - 2.9,Gasolina,Não,Manual,Hidráulica,Outra,4 portas,2;Categoria,Modelo,Marca,Ano,Quilometragem,Potência do motor,Combustível,Kit GNV,Câmbio,Direção,Cor,Portas,Final de placa;Vidro elétrico,Trava elétrica,Som;Particular;Inhaúma;https://mg.olx.com.br/belo-horizonte-e-regiao/autos-e-pecas/carros-vans-e-utilitarios/monza-tubarao-93-1082745535;07/11/2022
Publicado em 10/09 às 20:44;cód. 1082663184;20.000;Aceita troca,IPVA pago;Carros, vans e utilitários,GM - CHEVROLET OMEGA GLS 2.2 / 2.0,GM - CHEVROLET,Sedã,1993,306000,2.0 - 2.9,Gasolina,Não,Manual,Hidráulica,Vermelho,4 portas,1;Categoria,Modelo,Marca,Tipo de veículo,Ano,Quilometragem,Potência do motor,Combustível,Kit GNV,Câmbio,Direção,Cor,Portas,Final de placa;Vidro elétrico,Trava elétrica,Ar condicionado,Alarme,Som;Particular;Belo Horizonte;https://mg.olx.com.br/belo-horizonte-e-regiao/autos-e-pecas/carros-vans-e-utilitarios/omega-1082663184;07/11/2022
Publicado em 10/09 às 18:36;cód. 1082631935;8.000;IPVA pago,Não aceita troca;Carros, vans e utilitários,FIAT UNO MILLE 1.0 ELECTRONIC 4P,FIAT,Hatch,1993,181000,1.0,Gasolina,Não,Manual,Mecânica,Cinza,2 portas,3;Categoria,Modelo,Marca,Tipo de veículo,Ano,Quilometragem,Potência do motor,Combustível,Kit GNV,Câmbio,Direção,Cor,Portas,Final de placa;;Particular;Belo Horizonte;https://mg.olx.com.br/belo-horizonte-e-regiao/autos-e-pecas/carros-vans-e-utilitarios/uno-ano-93-94-preco-negociavel-1082631935;07/11/2022
Publicado em 09/09 às 21:43;cód. 1082345152;3.500;Aceita troca,Carro de leilão;Carros, vans e utilitários,FORD ESCORT HOBBY 1.6,FORD,1993,54033,1.6,Álcool,Não,Manual,Cinza,2 portas,7;Categoria,Modelo,Marca,Ano,Quilometragem,Potência do motor,Combustível,Kit GNV,Câmbio,Cor,Portas,Final de placa;;Particular;Ribeirão das Neves;https://mg.olx.com.br/belo-horizonte-e-regiao/autos-e-pecas/carros-vans-e-utilitarios/escort-hobby-93-dumidinho-1082345152;07/11/2022
Publicado em 09/09 às 16:42;cód. 1082255736;84.000;Aceita troca;Carros, vans e utilitários,GM - CHEVROLET D-20 S 3.9/4.0 TURBO DIESEL,GM - CHEVROLET,Pick-up,1993,330000,3.0 - 3.9,Diesel,Não,Manual,Hidráulica,Vermelho,2 portas,8;Categoria,Modelo,Marca,Tipo de veículo,Ano,Quilometragem,Potência do motor,Combustível,Kit GNV,Câmbio,Direção,Cor,Portas,Final de placa;;Particular;Contagem;https://mg.olx.com.br/belo-horizonte-e-regiao/autos-e-pecas/carros-vans-e-utilitarios/d20-turbo-maxion-restaurada-aceito-troca-1082255736;07/11/2022
Publicado em 08/09 às 20:00;cód. 1081878950;8.000;Aceita troca,IPVA pago;Carros, vans e utilitários,FIAT UNO MILLE 1.0 ELECTRONIC 4P,FIAT,SUV,1993,21526,1.0,Gasolina,Não,Manual,Verde,4 portas,1;Categoria,Modelo,Marca,Tipo de veículo,Ano,Quilometragem,Potência do motor,Combustível,Kit GNV,Câmbio,Cor,Portas,Final de placa;Ar condicionado,Som;Particular;Belo Horizonte;https://mg.olx.com.br/belo-horizonte-e-regiao/autos-e-pecas/carros-vans-e-utilitarios/uno-miller-eletronic-93-1081878950;07/11/2022
Publicado em 07/09 às 10:53;cód. 1069903969;24.900;IPVA pago,Não aceita troca;Carros, vans e utilitários,TOYOTA COROLLA LE 1.8,TOYOTA,Sedã,1993,130000,1.8,Gasolina,Não,Automático,Hidráulica,Prata,4 portas,7;Categoria,Modelo,Marca,Tipo de veículo,Ano,Quilometragem,Potência do motor,Combustível,Kit GNV,Câmbio,Direção,Cor,Portas,Final de placa;Vidro elétrico,Air bag,Trava elétrica,Ar condicionado,Som,Sensor de ré;Particular;Belo Horizonte;https://mg.olx.com.br/belo-horizonte-e-regiao/autos-e-pecas/carros-vans-e-utilitarios/corola-93-automatico-colecionador-1069903969;07/11/2022
