Publicado em 10/11 às 09:05;cód. 1107856892;26.900;IPVA pago;Carros, vans e utilitários,HONDA FIT EX/ S 1.5/ EX 1.5 FLEX 16V 5P MEC.,HONDA,Hatch,2006,167000,1.5,Gasolina,Não,Manual,Hidráulica,Preto,4 portas,3;Categoria,Modelo,Marca,Tipo de veículo,Ano,Quilometragem,Potência do motor,Combustível,Kit GNV,Câmbio,Direção,Cor,Portas,Final de placa;Vidro elétrico,Air bag,Trava elétrica,Ar condicionado,Alarme,Som;Profissional;Uberlândia;https://mg.olx.com.br/regiao-de-uberlandia-e-uberaba/autos-e-pecas/carros-vans-e-utilitarios/vendo-honda-fit-ex-1-5-manual-ano-2006-2007-1107856892;10/11/2022
Publicado em 10/11 às 08:59;cód. 1107854493;32.900;IPVA pago;Carros, vans e utilitários,HYUNDAI TUCSON 2.0 16V AUT.,HYUNDAI,SUV,2006,124000,2.0 - 2.9,Gasolina,Não,Automático,Hidráulica,Preto,4 portas,3;Categoria,Modelo,Marca,Tipo de veículo,Ano,Quilometragem,Potência do motor,Combustível,Kit GNV,Câmbio,Direção,Cor,Portas,Final de placa;Vidro elétrico,Trava elétrica,Ar condicionado,Alarme,Som,Sensor de ré,Câmera de ré;Profissional;Uberlândia;https://mg.olx.com.br/regiao-de-uberlandia-e-uberaba/autos-e-pecas/carros-vans-e-utilitarios/vendo-tucson-2-0-automatica-ano-2005-2006-1107854493;10/11/2022
Publicado em 10/11 às 08:32;cód. 1099963598;73.900;Aceita troca,Único dono;Carros, vans e utilitários,GM - CHEVROLET S10 PICK-UP EXEC. 2.8 4X4 CD TB INT.DIES,GM - CHEVROLET,Pick-up,2006,178000,2.0 - 2.9,Diesel,Não,Manual,Hidráulica,Branco,4 portas,7;Categoria,Modelo,Marca,Tipo de veículo,Ano,Quilometragem,Potência do motor,Combustível,Kit GNV,Câmbio,Direção,Cor,Portas,Final de placa;Vidro elétrico,Air bag,Trava elétrica,Ar condicionado,Alarme,Som;Profissional;Uberlândia;https://mg.olx.com.br/regiao-de-uberlandia-e-uberaba/autos-e-pecas/carros-vans-e-utilitarios/s10-executiva-2-8-turbo-diesel-1099963598;10/11/2022
Publicado em 09/11 às 20:30;cód. 1102894002;16.900;Aceita troca,IPVA pago;Carros, vans e utilitários,RENAULT CLIO EXPRESSION HI-FLEX 1.0 16V 5P,RENAULT,Sedã,2006,110000,1.6,Flex,Não,Manual,Hidráulica,Prata,4 portas,0;Categoria,Modelo,Marca,Tipo de veículo,Ano,Quilometragem,Potência do motor,Combustível,Kit GNV,Câmbio,Direção,Cor,Portas,Final de placa;Vidro elétrico,Trava elétrica,Ar condicionado,Alarme,Som;Profissional;Uberlândia;https://mg.olx.com.br/regiao-de-uberlandia-e-uberaba/autos-e-pecas/carros-vans-e-utilitarios/clio-sedan-1-6-1102894002;10/11/2022
Publicado em 09/11 às 18:18;cód. 1107631647;105.000;Aceita troca,IPVA pago;Carros, vans e utilitários,TOYOTA HILUX CD SRV D4-D 4X4 3.0  TDI DIES,TOYOTA,Pick-up,2006,0,3.0 - 3.9,Manual,Hidráulica,Prata,4 portas,2,Não;Categoria,Modelo,Marca,Tipo de veículo,Ano,Quilometragem,Potência do motor,Câmbio,Direção,Cor,Portas,Final de placa,Kit GNV;Vidro elétrico,Trava elétrica,Ar condicionado,Alarme,Som;Profissional;Uberlândia;https://mg.olx.com.br/regiao-de-uberlandia-e-uberaba/autos-e-pecas/carros-vans-e-utilitarios/hilux-c-d-diesel-4x4-2006-1107631647;10/11/2022
Publicado em 09/11 às 18:01;cód. 1107621309;26.900;Aceita troca;Carros, vans e utilitários,HONDA FIT LX 1.4/ 1.4 FLEX 8V/16V 5P MEC.,HONDA,Hatch,2006,156000,1.4,Gasolina,Não,Manual,Hidráulica,Prata,4 portas,6;Categoria,Modelo,Marca,Tipo de veículo,Ano,Quilometragem,Potência do motor,Combustível,Kit GNV,Câmbio,Direção,Cor,Portas,Final de placa;Vidro elétrico,Trava elétrica,Ar condicionado,Alarme;Profissional;Uberlândia;https://mg.olx.com.br/regiao-de-uberlandia-e-uberaba/autos-e-pecas/carros-vans-e-utilitarios/fiat-lx-1-4-manual-2006-1107621309;10/11/2022
Publicado em 09/11 às 16:17;cód. 1074366067;35.500;Aceita troca,IPVA pago;Carros, vans e utilitários,VW - VOLKSWAGEN PARATI COMFORTLINE 1.8 MI TOT.FLEX 8V 4P,VW - VOLKSWAGEN,SUV,2006,200000,1.8,Flex,Não,Manual,Hidráulica,Vermelho,4 portas,1;Categoria,Modelo,Marca,Tipo de veículo,Ano,Quilometragem,Potência do motor,Combustível,Kit GNV,Câmbio,Direção,Cor,Portas,Final de placa;Vidro elétrico,Trava elétrica,Ar condicionado,Alarme,Som,Sensor de ré;Profissional;Uberlândia;https://mg.olx.com.br/regiao-de-uberlandia-e-uberaba/autos-e-pecas/carros-vans-e-utilitarios/diferenciado-raridade-parati-confortiline-1074366067;10/11/2022
Publicado em 08/11 às 09:46;cód. 1094194657;20.900;Aceita troca,IPVA pago;Carros, vans e utilitários,GM - CHEVROLET CELTA SPIRIT 1.0 MPFI VHC 8V 3P,GM - CHEVROLET,Hatch,2006,200,1.0,Flex,Não,Manual,Mecânica,Prata,2 portas,2;Categoria,Modelo,Marca,Tipo de veículo,Ano,Quilometragem,Potência do motor,Combustível,Kit GNV,Câmbio,Direção,Cor,Portas,Final de placa;Ar condicionado;Profissional;Monte Alegre De Minas;https://mg.olx.com.br/regiao-de-uberlandia-e-uberaba/autos-e-pecas/carros-vans-e-utilitarios/celta-spirit-1-0-com-ar-2005-06-2p-1094194657;10/11/2022
Publicado em 04/11 às 11:09;cód. 1105443498;30.900;Aceita troca,IPVA pago;Carros, vans e utilitários,FIAT STRADA ADV/ADV TRYON 1.8 MPI FLEX 8V CE,FIAT,Pick-up,2006,129253,1.8,Flex,Não,Manual,Hidráulica,Preto,2 portas,2;Categoria,Modelo,Marca,Tipo de veículo,Ano,Quilometragem,Potência do motor,Combustível,Kit GNV,Câmbio,Direção,Cor,Portas,Final de placa;Vidro elétrico,Ar condicionado;Profissional;Uberlândia;https://mg.olx.com.br/regiao-de-uberlandia-e-uberaba/autos-e-pecas/carros-vans-e-utilitarios/strada-1-8-adventure-c-e-2005-2006-1105443498;10/11/2022
Publicado em 03/11 às 15:16;cód. 1105150030;16.900;Aceita troca,IPVA pago;Carros, vans e utilitários,GM - CHEVROLET CLASSIC LIFE/LS 1.0 VHC FLEXP. 4P,GM - CHEVROLET,Sedã,2006,140258,1.0,Flex,Não,Manual,Mecânica,Prata,4 portas,0;Categoria,Modelo,Marca,Tipo de veículo,Ano,Quilometragem,Potência do motor,Combustível,Kit GNV,Câmbio,Direção,Cor,Portas,Final de placa;Vidro elétrico,Som;Profissional;Uberaba;https://mg.olx.com.br/regiao-de-uberlandia-e-uberaba/autos-e-pecas/carros-vans-e-utilitarios/classic-1105150030;10/11/2022
Publicado em 03/11 às 14:17;cód. 1099483729;16.500;Aceita troca,IPVA pago;Carros, vans e utilitários,GM - CHEVROLET CELTA 1.0/ SUPER 1.0 MPFI VHC 8V 5P,GM - CHEVROLET,Hatch,2006,113000,1.0,Flex,Não,Manual,Mecânica,Preto,4 portas,2;Categoria,Modelo,Marca,Tipo de veículo,Ano,Quilometragem,Potência do motor,Combustível,Kit GNV,Câmbio,Direção,Cor,Portas,Final de placa;Trava elétrica,Alarme,Som;Profissional;Uberlândia;https://mg.olx.com.br/regiao-de-uberlandia-e-uberaba/autos-e-pecas/carros-vans-e-utilitarios/celta-2006-muito-conservado-1099483729;10/11/2022
Publicado em 01/11 às 13:05;cód. 1104302783;26.900;IPVA pago;Carros, vans e utilitários,VW - VOLKSWAGEN CROSSFOX  1.6 T. FLEX 16V 5P,VW - VOLKSWAGEN,Hatch,2006,999999,1.6,Flex,Manual,Hidráulica,Vermelho,4 portas,0;Categoria,Modelo,Marca,Tipo de veículo,Ano,Quilometragem,Potência do motor,Combustível,Câmbio,Direção,Cor,Portas,Final de placa;Vidro elétrico,Trava elétrica,Ar condicionado,Direção hidráulica,Alarme;Profissional;Uberlândia;https://mg.olx.com.br/regiao-de-uberlandia-e-uberaba/autos-e-pecas/carros-vans-e-utilitarios/volkswagen-crossfox-1-6-mi-total-flex-8v-5p-flex-2006-1104302783;10/11/2022
Publicado em 01/11 às 11:13;cód. 1104247577;28.000;;Carros, vans e utilitários,FIAT STRADA TREKKING 1.4 MPI FIRE FLEX 8V CE,FIAT,Passeio,2006,0,Flex,Manual,Prata,4 portas,4;Categoria,Modelo,Marca,Tipo de veículo,Ano,Quilometragem,Combustível,Câmbio,Cor,Portas,Final de placa;Trava elétrica;Profissional;Uberlândia;https://mg.olx.com.br/regiao-de-uberlandia-e-uberaba/autos-e-pecas/carros-vans-e-utilitarios/fiat-strada-trekking-1-4-mpi-fire-flex-8v-ce-2006-dakar-multimarcas-1104247577;10/11/2022
Publicado em 01/11 às 10:28;cód. 1104225685;18.800;IPVA pago;Carros, vans e utilitários,RENAULT CLIO SED. EXPRESSION HI-FLEX 1.0 16V 4P,RENAULT,Sedã,2006,159758,1.0,Gasolina,Manual,Hidráulica,Prata,4 portas,2;Categoria,Modelo,Marca,Tipo de veículo,Ano,Quilometragem,Potência do motor,Combustível,Câmbio,Direção,Cor,Portas,Final de placa;Vidro elétrico,Trava elétrica,Ar condicionado,Direção hidráulica,Som;Profissional;Uberlândia;https://mg.olx.com.br/regiao-de-uberlandia-e-uberaba/autos-e-pecas/carros-vans-e-utilitarios/clio-sedan-expression-1-0-oferta-especial-da-semana-completo-1104225685;10/11/2022
Publicado em 29/10 às 16:35;cód. 1096716948;23.900;Aceita troca,Carro Financiado,IPVA pago;Carros, vans e utilitários,GM - CHEVROLET MERIVA 1.8/ CD 1.8 MPFI FLEXPOWER 8V,GM - CHEVROLET,Hatch,2006,199000,1.8,Flex,Não,Manual,Hidráulica,Vermelho,4 portas,3;Categoria,Modelo,Marca,Tipo de veículo,Ano,Quilometragem,Potência do motor,Combustível,Kit GNV,Câmbio,Direção,Cor,Portas,Final de placa;Vidro elétrico,Trava elétrica,Ar condicionado,Alarme;Profissional;Uberlândia;https://mg.olx.com.br/regiao-de-uberlandia-e-uberaba/autos-e-pecas/carros-vans-e-utilitarios/meriva-2006-flex-1096716948;10/11/2022
Publicado em 25/10 às 15:37;cód. 1091621858;35.000;;Carros, vans e utilitários,NISSAN X-TRAIL GX 2.5 16V 180CV 5P,NISSAN,SUV,2006,181388,2.0 - 2.9,Gasolina,Automático,Hidráulica,Preto,4 portas,9;Categoria,Modelo,Marca,Tipo de veículo,Ano,Quilometragem,Potência do motor,Combustível,Câmbio,Direção,Cor,Portas,Final de placa;Vidro elétrico,Air bag,Ar condicionado,Direção hidráulica,Alarme;Profissional;Uberaba;https://mg.olx.com.br/regiao-de-uberlandia-e-uberaba/autos-e-pecas/carros-vans-e-utilitarios/nissan-x-trail-gx-2-5-preto-2006-1091621858;10/11/2022
Publicado em 24/10 às 18:30;cód. 1075345214;65.000;Aceita troca;Carros, vans e utilitários,GM - CHEVROLET S10 PICK-UP EXEC. 2.8 4X4 CD TB INT.DIES,GM - CHEVROLET,Pick-up,2006,0,2.0 - 2.9,Diesel,Não,Manual,Hidráulica,Prata,4 portas;Categoria,Modelo,Marca,Tipo de veículo,Ano,Quilometragem,Potência do motor,Combustível,Kit GNV,Câmbio,Direção,Cor,Portas;Vidro elétrico,Air bag,Trava elétrica,Ar condicionado,Alarme,Som;Profissional;Monte Carmelo;https://mg.olx.com.br/regiao-de-uberlandia-e-uberaba/autos-e-pecas/carros-vans-e-utilitarios/s-10-4x4-2006-diesel-executive-1075345214;10/11/2022
Publicado em 22/10 às 19:08;cód. 1084568135;89.900;Aceita troca;Carros, vans e utilitários,NISSAN XTERRA SE 4X4 2.8 132/140CV TB INT.DIES.,NISSAN,SUV,2006,177000,2.0 - 2.9,Diesel,Não,Manual,Hidráulica,Verde,4 portas,0;Categoria,Modelo,Marca,Tipo de veículo,Ano,Quilometragem,Potência do motor,Combustível,Kit GNV,Câmbio,Direção,Cor,Portas,Final de placa;Vidro elétrico,Air bag,Trava elétrica,Ar condicionado,Alarme,Som;Profissional;Uberlândia;https://mg.olx.com.br/regiao-de-uberlandia-e-uberaba/autos-e-pecas/carros-vans-e-utilitarios/xterra-se-2-8-diesel-4x4-1084568135;10/11/2022
Publicado em 18/10 às 10:33;cód. 1098296749;58.900;;Carros, vans e utilitários,FORD RANGER XLT 3.0 PSE 163CV 4X4 CD TB DIES.,FORD,2006,270113,3.0 - 3.9,Diesel,Manual,Mecânica,Preto,4 portas,8;Categoria,Modelo,Marca,Ano,Quilometragem,Potência do motor,Combustível,Câmbio,Direção,Cor,Portas,Final de placa;;Profissional;Uberaba;https://mg.olx.com.br/regiao-de-uberlandia-e-uberaba/autos-e-pecas/carros-vans-e-utilitarios/ford-ranger-xlt-3-0-4x4-2006-1098296749;10/11/2022
Publicado em 17/10 às 15:50;cód. 1072451437;22.900;Aceita troca,IPVA pago;Carros, vans e utilitários,FORD FOCUS SEDAN 2.0 16V/2.0 16V FLEX 4P,FORD,Sedã,2006,173000,2.0 - 2.9,Gasolina,Não,Manual,Hidráulica,Prata,4 portas,0;Categoria,Modelo,Marca,Tipo de veículo,Ano,Quilometragem,Potência do motor,Combustível,Kit GNV,Câmbio,Direção,Cor,Portas,Final de placa;Vidro elétrico,Air bag,Trava elétrica,Ar condicionado,Alarme,Som;Profissional;Uberlândia;https://mg.olx.com.br/regiao-de-uberlandia-e-uberaba/autos-e-pecas/carros-vans-e-utilitarios/focus-sedan-2-0-2006-1072451437;10/11/2022
Publicado em 16/10 às 21:10;cód. 1070364538;23.900;Aceita troca;Carros, vans e utilitários,FORD FOCUS 2.0 16V/ 2.0 16V FLEX 5P,FORD,Sedã,2006,172000,2.0 - 2.9,Flex,Não,Manual,Mecânica,Prata,4 portas,6;Categoria,Modelo,Marca,Tipo de veículo,Ano,Quilometragem,Potência do motor,Combustível,Kit GNV,Câmbio,Direção,Cor,Portas,Final de placa;;Profissional;Uberlândia;https://mg.olx.com.br/regiao-de-uberlandia-e-uberaba/autos-e-pecas/carros-vans-e-utilitarios/ford-focus-1070364538;10/11/2022
Publicado em 12/10 às 06:54;cód. 1069925395;22.900;Aceita troca;Carros, vans e utilitários,VW - VOLKSWAGEN FOX 1.0 MI TOTAL FLEX 8V 5P,VW - VOLKSWAGEN,Hatch,2006,120000,1.0,Flex,Manual,Hidráulica,Prata,4 portas,7;Categoria,Modelo,Marca,Tipo de veículo,Ano,Quilometragem,Potência do motor,Combustível,Câmbio,Direção,Cor,Portas,Final de placa;;Profissional;Uberlândia;https://mg.olx.com.br/regiao-de-uberlandia-e-uberaba/autos-e-pecas/carros-vans-e-utilitarios/fox-1069925395;10/11/2022
Publicado em 04/10 às 11:02;cód. 1092438948;27.500;;Carros, vans e utilitários,HONDA CIVIC SEDAN LXL 1.7 16V 130CV AUT 4P,HONDA,Sedã,2006,200000,Gasolina,Não,Automático,Hidráulica,Preto,4 portas,3;Categoria,Modelo,Marca,Tipo de veículo,Ano,Quilometragem,Combustível,Kit GNV,Câmbio,Direção,Cor,Portas,Final de placa;Vidro elétrico,Trava elétrica,Ar condicionado,Alarme,Som;Profissional;Uberlândia;https://mg.olx.com.br/regiao-de-uberlandia-e-uberaba/autos-e-pecas/carros-vans-e-utilitarios/honda-civic-2006-1092438948;10/11/2022
Publicado em 02/10 às 20:03;cód. 1058053601;98.000;Aceita troca,IPVA pago;Carros, vans e utilitários,TOYOTA HILUX SW4 SRV D4-D 4X4 3.0 TDI DIES. AUT,TOYOTA,SUV,2006,245214,3.0 - 3.9,Diesel,Não,Automático,Hidráulica,Preto,4 portas,5;Categoria,Modelo,Marca,Tipo de veículo,Ano,Quilometragem,Potência do motor,Combustível,Kit GNV,Câmbio,Direção,Cor,Portas,Final de placa;Vidro elétrico,Air bag,Ar condicionado,Som;Profissional;Uberlândia;https://mg.olx.com.br/regiao-de-uberlandia-e-uberaba/autos-e-pecas/carros-vans-e-utilitarios/toyota-hilux-sw4-3-0-2006-2006-1058053601;10/11/2022
Publicado em 30/09 às 17:01;cód. 1091260824;16.000;IPVA pago;Carros, vans e utilitários,FIAT UNO MILLE 1.0 FIRE/ F.FLEX/ ECONOMY 2P,FIAT,Hatch,2006,281450,1.0,Flex,Manual,Mecânica,Azul,2 portas,1;Categoria,Modelo,Marca,Tipo de veículo,Ano,Quilometragem,Potência do motor,Combustível,Câmbio,Direção,Cor,Portas,Final de placa;Vidro elétrico,Trava elétrica;Profissional;Uberlândia;https://mg.olx.com.br/regiao-de-uberlandia-e-uberaba/autos-e-pecas/carros-vans-e-utilitarios/fiat-uno-mille-1-0-fire-f-flex-economy-2p-flex-2006-1091260824;10/11/2022
Publicado em 21/09 às 10:08;cód. 1087090091;67.900;Aceita troca,IPVA pago;Carros, vans e utilitários,GM - CHEVROLET S10 PICK-UP EXEC. 2.8 4X2 CD TB INT.DIES,GM - CHEVROLET,Pick-up,2006,1111111111,2.0 - 2.9,Diesel,Não,Manual,Hidráulica,Branco,4 portas,6;Categoria,Modelo,Marca,Tipo de veículo,Ano,Quilometragem,Potência do motor,Combustível,Kit GNV,Câmbio,Direção,Cor,Portas,Final de placa;Vidro elétrico,Air bag,Ar condicionado,Som;Profissional;Uberlândia;https://mg.olx.com.br/regiao-de-uberlandia-e-uberaba/autos-e-pecas/carros-vans-e-utilitarios/s10-executive-2-8-2006-2006-1087090091;10/11/2022
Publicado em 20/09 às 10:37;cód. 1007966046;96.800;Aceita troca,IPVA pago;Carros, vans e utilitários,TOYOTA HILUX CD SRV D4-D 4X4 3.0  TDI DIES,TOYOTA,Pick-up,2006,247000,3.0 - 3.9,Diesel,Não,Manual,Hidráulica,Outra,4 portas,0;Categoria,Modelo,Marca,Tipo de veículo,Ano,Quilometragem,Potência do motor,Combustível,Kit GNV,Câmbio,Direção,Cor,Portas,Final de placa;Vidro elétrico,Air bag,Trava elétrica,Ar condicionado,Direção hidráulica,Alarme,Som,Câmera de ré;Profissional;Uberlândia;https://mg.olx.com.br/regiao-de-uberlandia-e-uberaba/autos-e-pecas/carros-vans-e-utilitarios/toyota-hillux-srv-2006-diesel-top-1007966046;10/11/2022
Publicado em 19/09 às 14:10;cód. 1086228347;15.500;IPVA pago,Não aceita troca;Carros, vans e utilitários,GM - CHEVROLET CORSA HAT. JOY 1.0/ 1.0 FLEXPOWER 8V 5P,GM - CHEVROLET,Hatch,2006,100,1.0,Flex,Não,Manual,Mecânica,Preto,4 portas,9;Categoria,Modelo,Marca,Tipo de veículo,Ano,Quilometragem,Potência do motor,Combustível,Kit GNV,Câmbio,Direção,Cor,Portas,Final de placa;;Profissional;Uberlândia;https://mg.olx.com.br/regiao-de-uberlandia-e-uberaba/autos-e-pecas/carros-vans-e-utilitarios/gm-corsa-racht-joy-1-0-2006-2006-1086228347;10/11/2022
Publicado em 16/09 às 11:01;cód. 1044820681;18.900;;Carros, vans e utilitários,GM - CHEVROLET CORSA SED CLASS.LIFE 1.0/1.0 FLEXPOWER,GM - CHEVROLET,2006,0,Flex,Manual;Categoria,Modelo,Marca,Ano,Quilometragem,Combustível,Câmbio;;Profissional;Uberlândia;https://mg.olx.com.br/regiao-de-uberlandia-e-uberaba/autos-e-pecas/carros-vans-e-utilitarios/corsa-sedan-life-2006-1044820681;10/11/2022
Publicado em 14/09 às 10:18;cód. 1084052705;26.000;;Carros, vans e utilitários,VW - VOLKSWAGEN GOL TECH 1.0 MI TOTAL FLEX 8V 4P,VW - VOLKSWAGEN,Hatch,2006,0,1.0,Flex,Não,Manual,Mecânica,Vermelho,4 portas;Categoria,Modelo,Marca,Tipo de veículo,Ano,Quilometragem,Potência do motor,Combustível,Kit GNV,Câmbio,Direção,Cor,Portas;;Profissional;Monte Carmelo;https://mg.olx.com.br/regiao-de-uberlandia-e-uberaba/autos-e-pecas/carros-vans-e-utilitarios/gol-g4-1-0-2014-1084052705;10/11/2022
Publicado em 13/09 às 21:59;cód. 1069870256;159.900;IPVA pago,Não aceita troca;Carros, vans e utilitários,FORD F-250 XLT 4.2 TB DIESEL,FORD,Pick-up,2006,281254,2.0 - 2.9,Diesel,Não,Manual,Hidráulica,Preto,2 portas,0;Categoria,Modelo,Marca,Tipo de veículo,Ano,Quilometragem,Potência do motor,Combustível,Kit GNV,Câmbio,Direção,Cor,Portas,Final de placa;Vidro elétrico,Air bag,Trava elétrica,Ar condicionado,Alarme;Profissional;Uberlândia;https://mg.olx.com.br/regiao-de-uberlandia-e-uberaba/autos-e-pecas/carros-vans-e-utilitarios/ford-f250-xlt-4x2-c-simples-2006-6cc-completa-1069870256;10/11/2022
Publicado em 12/09 às 15:59;cód. 1083256544;14.900;Aceita troca,IPVA pago;Carros, vans e utilitários,FIAT PALIO ED 1.0 MPI 2P E 4P,FIAT,Hatch,2006,198000,1.0,Gasolina,Não,Manual,Mecânica,Branco,2 portas,5;Categoria,Modelo,Marca,Tipo de veículo,Ano,Quilometragem,Potência do motor,Combustível,Kit GNV,Câmbio,Direção,Cor,Portas,Final de placa;Trava elétrica,Alarme;Profissional;Uberlândia;https://mg.olx.com.br/regiao-de-uberlandia-e-uberaba/autos-e-pecas/carros-vans-e-utilitarios/palio-2006-1-0-fire-gasolina-orig-1083256544;10/11/2022
Publicado em 09/09 às 19:32;cód. 1073656919;35.900;IPVA pago;Carros, vans e utilitários,TOYOTA 1.8 XEI 16V FLEX 4P AUTOMATICO,TOYOTA,SUV,2006,147399,1.8,Flex,Automático,Hidráulica,Preto,4 portas,0;Categoria,Modelo,Marca,Tipo de veículo,Ano,Quilometragem,Potência do motor,Combustível,Câmbio,Direção,Cor,Portas,Final de placa;Vidro elétrico,Air bag,Trava elétrica,Ar condicionado,Direção hidráulica,Alarme,Som;Profissional;Uberlândia;https://mg.olx.com.br/regiao-de-uberlandia-e-uberaba/autos-e-pecas/carros-vans-e-utilitarios/toyota-fielder-sw-xei-1-8-preto-2006-1073656919;10/11/2022
Publicado em 02/09 às 09:32;cód. 1079231009;60.000;Aceita troca,IPVA pago;Carros, vans e utilitários,MITSUBISHI L200 GLS SPORT 2.5 4X4 121CV CD DTI DIES,MITSUBISHI,Pick-up,2006,169000,2.0 - 2.9,Diesel,Não,Manual,Hidráulica,Cinza,4 portas,9;Categoria,Modelo,Marca,Tipo de veículo,Ano,Quilometragem,Potência do motor,Combustível,Kit GNV,Câmbio,Direção,Cor,Portas,Final de placa;Vidro elétrico,Air bag,Trava elétrica,Ar condicionado,Alarme,Som;Profissional;Uberlândia;https://mg.olx.com.br/regiao-de-uberlandia-e-uberaba/autos-e-pecas/carros-vans-e-utilitarios/mitsubishi-l200-2006-2006-1079231009;10/11/2022
Publicado em 09/08 às 15:58;cód. 1069133438;159.800;;Carros, vans e utilitários,FORD F-250 XLT 4.2 TB DIESEL,FORD,Passeio,2006,280320,Diesel,Manual,2 portas,1;Categoria,Modelo,Marca,Tipo de veículo,Ano,Quilometragem,Combustível,Câmbio,Portas,Final de placa;Vidro elétrico,Trava elétrica,Ar condicionado,Direção hidráulica,Alarme;Profissional;Uberlândia;https://mg.olx.com.br/regiao-de-uberlandia-e-uberaba/autos-e-pecas/carros-vans-e-utilitarios/f-250-2005-2006-4-2-xlt-4x2-cs-turbo-intercooler-diesel-2p-manual-1069133438;10/11/2022
Publicado em 08/08 às 16:57;cód. 1053972566;35.900;Aceita troca;Carros, vans e utilitários,MITSUBISHI PAJERO TR4 2.0/ 2.0 FLEX 16V 4X4 AUT.,MITSUBISHI,Hatch,2006,151000,2.0 - 2.9,Flex,Automático,Hidráulica,Cinza,4 portas;Categoria,Modelo,Marca,Tipo de veículo,Ano,Quilometragem,Potência do motor,Combustível,Câmbio,Direção,Cor,Portas;Vidro elétrico,Trava elétrica,Ar condicionado;Profissional;Uberlândia;https://mg.olx.com.br/regiao-de-uberlandia-e-uberaba/autos-e-pecas/carros-vans-e-utilitarios/mitsubishi-pajero-tr-4-2-0-4x4-2006-cinza-1053972566;10/11/2022
Publicado em 14/03 às 09:36;cód. 977036695;29.800;Aceita troca,IPVA pago;Carros, vans e utilitários,FIAT STRADA ADV/ADV TRYON 1.8 MPI FLEX 8V CE,FIAT,Pick-up,2006,100,1.8,Flex,Manual,Hidráulica,Verde,2 portas,4;Categoria,Modelo,Marca,Tipo de veículo,Ano,Quilometragem,Potência do motor,Combustível,Câmbio,Direção,Cor,Portas,Final de placa;Vidro elétrico,Trava elétrica,Ar condicionado,Direção hidráulica,Alarme;Profissional;Uberlândia;https://mg.olx.com.br/regiao-de-uberlandia-e-uberaba/autos-e-pecas/carros-vans-e-utilitarios/fiat-strada-adv-1-8-2005-2006-977036695;10/11/2022
Publicado em 10/11 às 08:46;cód. 1107848094;17.500;IPVA pago,Não aceita troca;Carros, vans e utilitários,FORD FIESTA 1.6 16V FLEX MEC. 5P,FORD,Hatch,2006,127000,Flex,Não,Manual,Hidráulica,Prata,4 portas,3;Categoria,Modelo,Marca,Tipo de veículo,Ano,Quilometragem,Combustível,Kit GNV,Câmbio,Direção,Cor,Portas,Final de placa;Vidro elétrico,Air bag,Trava elétrica,Ar condicionado,Alarme,Som;Particular;Uberlândia;https://mg.olx.com.br/regiao-de-uberlandia-e-uberaba/autos-e-pecas/carros-vans-e-utilitarios/fiesta-1107848094;10/11/2022
Publicado em 10/11 às 00:06;cód. 1096862563;58.000;IPVA pago,Não aceita troca;Carros, vans e utilitários,GM - CHEVROLET S10 PICK-UP EXEC. 2.8 4X2 CD TB INT.DIES,GM - CHEVROLET,Pick-up,2006,322000,2.0 - 2.9,Diesel,Não,Manual,Hidráulica,Preto,4 portas,5;Categoria,Modelo,Marca,Tipo de veículo,Ano,Quilometragem,Potência do motor,Combustível,Kit GNV,Câmbio,Direção,Cor,Portas,Final de placa;Vidro elétrico,Air bag,Trava elétrica,Ar condicionado,Alarme,Som;Particular;Uberlândia;https://mg.olx.com.br/regiao-de-uberlandia-e-uberaba/autos-e-pecas/carros-vans-e-utilitarios/vendo-s10-executive-1096862563;10/11/2022
Publicado em 09/11 às 17:27;cód. 1107589502;15.000;IPVA pago,Não aceita troca;Carros, vans e utilitários,FORD FIESTA 1.0I 3P E 5P,FORD,2006,161000,1.0,Gasolina,Não,Manual,Hidráulica,Preto,4 portas,1;Categoria,Modelo,Marca,Ano,Quilometragem,Potência do motor,Combustível,Kit GNV,Câmbio,Direção,Cor,Portas,Final de placa;Vidro elétrico,Trava elétrica,Ar condicionado,Som;Particular;Uberlândia;https://mg.olx.com.br/regiao-de-uberlandia-e-uberaba/autos-e-pecas/carros-vans-e-utilitarios/ford-fiesta-1107589502;10/11/2022
Publicado em 09/11 às 17:02;cód. 1107562827;21.000;Aceita troca,IPVA pago;Carros, vans e utilitários,GM - CHEVROLET ASTRA ADVANTAGE 2.0 MPFI FLEXPOWER 8V 3P,GM - CHEVROLET,Hatch,2006,198800,2.0 - 2.9,Flex,Não,Manual,Hidráulica,Outra,2 portas,5;Categoria,Modelo,Marca,Tipo de veículo,Ano,Quilometragem,Potência do motor,Combustível,Kit GNV,Câmbio,Direção,Cor,Portas,Final de placa;Vidro elétrico,Trava elétrica,Ar condicionado,Alarme,Som,Sensor de ré,Câmera de ré;Particular;Tiros;https://mg.olx.com.br/regiao-de-uberlandia-e-uberaba/autos-e-pecas/carros-vans-e-utilitarios/gm-astra-2-0-8v-05-06-1107562827;10/11/2022
Publicado em 08/11 às 15:01;cód. 1106988235;16.500;;Carros, vans e utilitários,FIAT UNO MILLE 1.0 FIRE/ F.FLEX/ ECONOMY 4P,FIAT,Hatch,2006,171000,1.0,Flex,Não,Manual,Mecânica,Prata,4 portas,6;Categoria,Modelo,Marca,Tipo de veículo,Ano,Quilometragem,Potência do motor,Combustível,Kit GNV,Câmbio,Direção,Cor,Portas,Final de placa;Vidro elétrico,Trava elétrica,Ar condicionado,Alarme;Particular;Uberlândia;https://mg.olx.com.br/regiao-de-uberlandia-e-uberaba/autos-e-pecas/carros-vans-e-utilitarios/uno-2006-1106988235;10/11/2022
Publicado em 08/11 às 13:44;cód. 1106955433;27.000;Aceita troca,IPVA pago;Carros, vans e utilitários,GM - CHEVROLET VECTRA ELEGAN. 2.0 MPFI 8V FLEXPOWER MEC,GM - CHEVROLET,Sedã,2006,185000,2.0 - 2.9,Flex,Não,Manual,Hidráulica,Prata,4 portas,2;Categoria,Modelo,Marca,Tipo de veículo,Ano,Quilometragem,Potência do motor,Combustível,Kit GNV,Câmbio,Direção,Cor,Portas,Final de placa;Vidro elétrico,Trava elétrica,Ar condicionado,Alarme,Som;Particular;Patrocínio;https://mg.olx.com.br/regiao-de-uberlandia-e-uberaba/autos-e-pecas/carros-vans-e-utilitarios/vectra-elegance-2-0-2006-1106955433;10/11/2022
Publicado em 08/11 às 09:02;cód. 1106822574;12.000;;Carros, vans e utilitários,GM - CHEVROLET ASTRA 2.0 8V/ CD 2.0 8V HATCHBACK 5P MEC,GM - CHEVROLET,2006,188005,4 portas;Categoria,Modelo,Marca,Ano,Quilometragem,Portas;;Particular;Uberlândia;https://mg.olx.com.br/regiao-de-uberlandia-e-uberaba/autos-e-pecas/carros-vans-e-utilitarios/astra-2006-1106822574;10/11/2022
Publicado em 07/11 às 21:18;cód. 1106719845;22.950;Aceita troca,IPVA pago;Carros, vans e utilitários,TOYOTA COROLLA XEI 1.8/1.8 FLEX 16V MEC.,TOYOTA,Passeio,2006,105621,1.8,Gasolina,Manual,Hidráulica,Preto,4 portas;Categoria,Modelo,Marca,Tipo de veículo,Ano,Quilometragem,Potência do motor,Combustível,Câmbio,Direção,Cor,Portas;Vidro elétrico,Trava elétrica;Particular;Uberlândia;https://mg.olx.com.br/regiao-de-uberlandia-e-uberaba/autos-e-pecas/carros-vans-e-utilitarios/corolla-1-8-xei-preto-2006-1106719845;10/11/2022
Publicado em 07/11 às 20:36;cód. 1106704736;28.000;IPVA pago,Não aceita troca;Carros, vans e utilitários,VW - VOLKSWAGEN CROSSFOX 1.6 MI TOTAL FLEX 8V 5P,VW - VOLKSWAGEN,Hatch,2006,146000,1.6,Flex,Não,Manual,Hidráulica,Preto,4 portas,3;Categoria,Modelo,Marca,Tipo de veículo,Ano,Quilometragem,Potência do motor,Combustível,Kit GNV,Câmbio,Direção,Cor,Portas,Final de placa;Vidro elétrico,Air bag,Trava elétrica,Ar condicionado,Alarme,Som;Particular;Uberlândia;https://mg.olx.com.br/regiao-de-uberlandia-e-uberaba/autos-e-pecas/carros-vans-e-utilitarios/crossfox-1-6-flex-1106704736;10/11/2022
Publicado em 07/11 às 19:41;cód. 1106687024;45.000;Aceita troca;Carros, vans e utilitários,VW - VOLKSWAGEN GOLF GTI 1.8 MI 180/193CV TURBO 4P MEC.,VW - VOLKSWAGEN,Hatch,2006,130400,1.8,Gasolina,Não,Manual,Hidráulica,Prata,4 portas;Categoria,Modelo,Marca,Tipo de veículo,Ano,Quilometragem,Potência do motor,Combustível,Kit GNV,Câmbio,Direção,Cor,Portas;Vidro elétrico,Air bag,Trava elétrica,Ar condicionado,Alarme,Som;Particular;Patos de Minas;https://mg.olx.com.br/regiao-de-uberlandia-e-uberaba/autos-e-pecas/carros-vans-e-utilitarios/golf-gti-1106687024;10/11/2022
Publicado em 07/11 às 16:43;cód. 1106619719;25.000;IPVA pago,Não aceita troca;Carros, vans e utilitários,FIAT PALIO WEEKEND ADVENTURE 1.8 8V 103CV 4P,FIAT,SUV,2006,180000,1.8,Flex,Não,Manual,Hidráulica,Prata,4 portas,6;Categoria,Modelo,Marca,Tipo de veículo,Ano,Quilometragem,Potência do motor,Combustível,Kit GNV,Câmbio,Direção,Cor,Portas,Final de placa;Vidro elétrico,Trava elétrica,Ar condicionado,Alarme,Som;Particular;Uberlândia;https://mg.olx.com.br/regiao-de-uberlandia-e-uberaba/autos-e-pecas/carros-vans-e-utilitarios/palio-adventure-2006-1106619719;10/11/2022
Publicado em 07/11 às 13:19;cód. 1106508029;12.000;Aceita troca;Carros, vans e utilitários,RENAULT CLIO GETUP HI-FLEX 1.0 16V 5P,RENAULT,Hatch,2006,325000,1.0,Flex,Não,Manual,Hidráulica,Azul,4 portas,4;Categoria,Modelo,Marca,Tipo de veículo,Ano,Quilometragem,Potência do motor,Combustível,Kit GNV,Câmbio,Direção,Cor,Portas,Final de placa;Vidro elétrico,Trava elétrica,Ar condicionado,Som;Particular;Araxá;https://mg.olx.com.br/regiao-de-uberlandia-e-uberaba/autos-e-pecas/carros-vans-e-utilitarios/clio-1-0-completo-1106508029;10/11/2022
Publicado em 07/11 às 11:57;cód. 1106469026;21.500;Aceita troca,IPVA pago;Carros, vans e utilitários,GM - CHEVROLET ASTRA ADVANTAGE 2.0 MPFI 8V FLEXPOWER 5P,GM - CHEVROLET,Hatch,2006,111111,2.0 - 2.9,Flex,Não,Manual,Hidráulica,Preto,4 portas,5;Categoria,Modelo,Marca,Tipo de veículo,Ano,Quilometragem,Potência do motor,Combustível,Kit GNV,Câmbio,Direção,Cor,Portas,Final de placa;Vidro elétrico,Trava elétrica,Ar condicionado,Alarme,Som;Particular;Uberlândia;https://mg.olx.com.br/regiao-de-uberlandia-e-uberaba/autos-e-pecas/carros-vans-e-utilitarios/vendo-ou-troco-astra-1106469026;10/11/2022
Publicado em 07/11 às 09:28;cód. 1106397058;27.000;IPVA pago,Não aceita troca;Carros, vans e utilitários,VW - VOLKSWAGEN FOX PLUS 1.6MI/ 1.6MI TOTAL FLEX 8V 4P,VW - VOLKSWAGEN,Hatch,2006,115000,1.6,Gasolina,Não,Manual,Hidráulica,Prata,4 portas,4;Categoria,Modelo,Marca,Tipo de veículo,Ano,Quilometragem,Potência do motor,Combustível,Kit GNV,Câmbio,Direção,Cor,Portas,Final de placa;Vidro elétrico,Trava elétrica,Ar condicionado,Alarme,Som;Particular;Uberaba;https://mg.olx.com.br/regiao-de-uberlandia-e-uberaba/autos-e-pecas/carros-vans-e-utilitarios/vw-fox-1-6-completo-impecavel-1106397058;10/11/2022
Publicado em 06/11 às 16:00;cód. 1106215526;28.900;IPVA pago;Carros, vans e utilitários,FIAT STRADA ADV. EXT. 1.8 LOCKER DUAL.FLEX CE,FIAT,Pick-up,2006,123560,1.8,Flex,Não,Manual,Hidráulica,Prata,2 portas,3;Categoria,Modelo,Marca,Tipo de veículo,Ano,Quilometragem,Potência do motor,Combustível,Kit GNV,Câmbio,Direção,Cor,Portas,Final de placa;Vidro elétrico,Trava elétrica,Ar condicionado,Alarme;Particular;Uberlândia;https://mg.olx.com.br/regiao-de-uberlandia-e-uberaba/autos-e-pecas/carros-vans-e-utilitarios/fiat-estrada-2006-1-8-flex-1106215526;10/11/2022
Publicado em 06/11 às 12:13;cód. 1106141576;22.000;IPVA pago,Não aceita troca;Carros, vans e utilitários,VW - VOLKSWAGEN GOL 1.0 PLUS 8V 4P,VW - VOLKSWAGEN,Sedã,2006,222,1.0,Gasolina,Não,Manual,Mecânica,Branco,4 portas,9;Categoria,Modelo,Marca,Tipo de veículo,Ano,Quilometragem,Potência do motor,Combustível,Kit GNV,Câmbio,Direção,Cor,Portas,Final de placa;Vidro elétrico,Trava elétrica;Particular;Nova Ponte;https://mg.olx.com.br/regiao-de-uberlandia-e-uberaba/autos-e-pecas/carros-vans-e-utilitarios/vendo-gol-g4-1106141576;10/11/2022
Publicado em 06/11 às 11:00;cód. 1106116300;28.000;;Carros, vans e utilitários,GM - CHEVROLET VECTRA ELITE 2.4 MPFI 16V FLEXPOWER AUT.,GM - CHEVROLET,2006,119000,Flex,Não,Automático,Hidráulica,4 portas,7;Categoria,Modelo,Marca,Ano,Quilometragem,Combustível,Kit GNV,Câmbio,Direção,Portas,Final de placa;;Particular;Uberlândia;https://mg.olx.com.br/regiao-de-uberlandia-e-uberaba/autos-e-pecas/carros-vans-e-utilitarios/vectra-elite-1106116300;10/11/2022
Publicado em 05/11 às 17:10;cód. 1105930681;59.000;Aceita troca,IPVA pago;Carros, vans e utilitários,FORD RANGER 2.5 4X4 CD TB DIESEL,FORD,Pick-up,2006,195000,2.0 - 2.9,Diesel,Não,Manual,Hidráulica,Prata,4 portas,0;Categoria,Modelo,Marca,Tipo de veículo,Ano,Quilometragem,Potência do motor,Combustível,Kit GNV,Câmbio,Direção,Cor,Portas,Final de placa;Vidro elétrico,Trava elétrica,Ar condicionado,Som;Particular;Uberlândia;https://mg.olx.com.br/regiao-de-uberlandia-e-uberaba/autos-e-pecas/carros-vans-e-utilitarios/ranger-diesel-4x4-revisada-1105930681;10/11/2022
Publicado em 05/11 às 11:42;cód. 1105818379;14.500;Aceita troca,IPVA pago;Carros, vans e utilitários,RENAULT CLIO SED. AUTHENTIQUE HI-FLEX 1.0 16V 4P,RENAULT,Sedã,2006,140000,1.0,Flex,Não,Manual,Hidráulica,Prata,4 portas,2;Categoria,Modelo,Marca,Tipo de veículo,Ano,Quilometragem,Potência do motor,Combustível,Kit GNV,Câmbio,Direção,Cor,Portas,Final de placa;Vidro elétrico,Air bag,Trava elétrica,Alarme,Som;Particular;Uberlândia;https://mg.olx.com.br/regiao-de-uberlandia-e-uberaba/autos-e-pecas/carros-vans-e-utilitarios/vendo-1105818379;10/11/2022
Publicado em 05/11 às 06:06;cód. 1105722610;40.000;Aceita troca,IPVA pago;Carros, vans e utilitários,VW - VOLKSWAGEN PASSAT 2.0 FSI TIPTRONIC,VW - VOLKSWAGEN,Sedã,2006,100,2.0 - 2.9,Gasolina,Não,Automático,Hidráulica,Preto,4 portas,0;Categoria,Modelo,Marca,Tipo de veículo,Ano,Quilometragem,Potência do motor,Combustível,Kit GNV,Câmbio,Direção,Cor,Portas,Final de placa;Vidro elétrico,Air bag,Trava elétrica,Ar condicionado,Alarme,Som;Particular;Patos de Minas;https://mg.olx.com.br/regiao-de-uberlandia-e-uberaba/autos-e-pecas/carros-vans-e-utilitarios/passat-fsi-2-0-1105722610;10/11/2022
Publicado em 04/11 às 12:49;cód. 1105485038;19.000;Aceita troca,IPVA pago;Carros, vans e utilitários,FIAT PALIO ELX 1.4 MPI FIRE FLEX 8V 4P,FIAT,Van/Utilitário,2006,226400,1.4,Flex,Não,Manual,Hidráulica,Cinza,4 portas,6;Categoria,Modelo,Marca,Tipo de veículo,Ano,Quilometragem,Potência do motor,Combustível,Kit GNV,Câmbio,Direção,Cor,Portas,Final de placa;Vidro elétrico,Trava elétrica;Particular;Delta;https://mg.olx.com.br/regiao-de-uberlandia-e-uberaba/autos-e-pecas/carros-vans-e-utilitarios/fiat-palio-weekend-1-4-2006-1105485038;10/11/2022
Publicado em 03/11 às 13:39;cód. 1105099458;14.500;Aceita troca,IPVA pago;Carros, vans e utilitários,FORD FIESTA SEDAN 1.0 8V FLEX 4P,FORD,Sedã,2006,150000,1.0,Flex,Não,Manual,Hidráulica,Preto,4 portas,3;Categoria,Modelo,Marca,Tipo de veículo,Ano,Quilometragem,Potência do motor,Combustível,Kit GNV,Câmbio,Direção,Cor,Portas,Final de placa;Vidro elétrico,Trava elétrica,Alarme;Particular;Uberlândia;https://mg.olx.com.br/regiao-de-uberlandia-e-uberaba/autos-e-pecas/carros-vans-e-utilitarios/vende-se-2006-1105099458;10/11/2022
Publicado em 03/11 às 11:34;cód. 1105041485;16.500;;Carros, vans e utilitários,VW - VOLKSWAGEN GOL (NOVO) 1.0 MI TOTAL FLEX 8V 4P,VW - VOLKSWAGEN,2006,140000,Flex,Não,Manual,Mecânica,Preto,4 portas;Categoria,Modelo,Marca,Ano,Quilometragem,Combustível,Kit GNV,Câmbio,Direção,Cor,Portas;;Particular;Uberlândia;https://mg.olx.com.br/regiao-de-uberlandia-e-uberaba/autos-e-pecas/carros-vans-e-utilitarios/gol-g4-ano-2006-1105041485;10/11/2022
Publicado em 03/11 às 07:57;cód. 1104949245;61.000;Aceita troca,IPVA pago;Carros, vans e utilitários,FORD RANGER XL 2.8 8V 135CV 4X4 CD TB DIESEL,FORD,Pick-up,2006,200000,2.0 - 2.9,Diesel,Não,Manual,Hidráulica,Branco,4 portas,4;Categoria,Modelo,Marca,Tipo de veículo,Ano,Quilometragem,Potência do motor,Combustível,Kit GNV,Câmbio,Direção,Cor,Portas,Final de placa;Ar condicionado;Particular;Uberlândia;https://mg.olx.com.br/regiao-de-uberlandia-e-uberaba/autos-e-pecas/carros-vans-e-utilitarios/ranger-cd-diesel-2-8-mwm-1104949245;10/11/2022
Publicado em 02/11 às 13:36;cód. 1104663776;16.000;Aceita troca;Carros, vans e utilitários,VW - VOLKSWAGEN GOL 1.0 TREND/ POWER 8V 4P,VW - VOLKSWAGEN,Hatch,2006,114000,1.0,Flex,Não,Manual,Mecânica,Cinza,4 portas,0;Categoria,Modelo,Marca,Tipo de veículo,Ano,Quilometragem,Potência do motor,Combustível,Kit GNV,Câmbio,Direção,Cor,Portas,Final de placa;Trava elétrica,Alarme;Particular;Uberlândia;https://mg.olx.com.br/regiao-de-uberlandia-e-uberaba/autos-e-pecas/carros-vans-e-utilitarios/vendo-ou-troco-por-veiculo-ate-31000-1104663776;10/11/2022
Publicado em 02/11 às 13:30;cód. 1104661826;17.000;IPVA pago,Não aceita troca;Carros, vans e utilitários,FIAT UNO MILLE 1.0 FIRE/ F.FLEX/ ECONOMY 4P,FIAT,Hatch,2006,160000,1.0,Flex,Não,Manual,Mecânica,Outra,4 portas,2;Categoria,Modelo,Marca,Tipo de veículo,Ano,Quilometragem,Potência do motor,Combustível,Kit GNV,Câmbio,Direção,Cor,Portas,Final de placa;Trava elétrica,Alarme,Som;Particular;Uberlândia;https://mg.olx.com.br/regiao-de-uberlandia-e-uberaba/autos-e-pecas/carros-vans-e-utilitarios/fiat-uno-mille-fire-flex-2005-2006-1104661826;10/11/2022
Publicado em 02/11 às 12:34;cód. 1104625520;19.500;IPVA pago,Não aceita troca;Carros, vans e utilitários,VW - VOLKSWAGEN GOL CITY 1.6 MI TOTAL FLEX 8V 4P,VW - VOLKSWAGEN,Hatch,2006,216000,1.6,Flex,Não,Manual,Hidráulica,Cinza,4 portas;Categoria,Modelo,Marca,Tipo de veículo,Ano,Quilometragem,Potência do motor,Combustível,Kit GNV,Câmbio,Direção,Cor,Portas;Vidro elétrico,Trava elétrica,Alarme,Som;Particular;Uberaba;https://mg.olx.com.br/regiao-de-uberlandia-e-uberaba/autos-e-pecas/carros-vans-e-utilitarios/gol-g4-1-6-ap-1104625520;10/11/2022
Publicado em 01/11 às 16:50;cód. 1104396728;24.000;IPVA pago,Não aceita troca;Carros, vans e utilitários,HONDA CIVIC SEDAN EX 1.7 16V 130CV MEC. 4P,HONDA,Sedã,2006,200000,1.7,Gasolina,Não,Manual,Hidráulica,Cinza,4 portas,6;Categoria,Modelo,Marca,Tipo de veículo,Ano,Quilometragem,Potência do motor,Combustível,Kit GNV,Câmbio,Direção,Cor,Portas,Final de placa;Vidro elétrico,Air bag,Trava elétrica,Ar condicionado,Alarme,Som;Particular;Uberlândia;https://mg.olx.com.br/regiao-de-uberlandia-e-uberaba/autos-e-pecas/carros-vans-e-utilitarios/honda-civic-ex-1104396728;10/11/2022
Publicado em 01/11 às 12:51;cód. 1104295881;23.000;IPVA pago,Não aceita troca;Carros, vans e utilitários,FORD ECOSPORT XLS 1.6/ 1.6 FLEX 8V 5P,FORD,SUV,2006,180000,1.6,Flex,Não,Manual,Hidráulica,Preto,4 portas,4;Categoria,Modelo,Marca,Tipo de veículo,Ano,Quilometragem,Potência do motor,Combustível,Kit GNV,Câmbio,Direção,Cor,Portas,Final de placa;Vidro elétrico,Trava elétrica,Ar condicionado,Alarme,Som;Particular;Uberlândia;https://mg.olx.com.br/regiao-de-uberlandia-e-uberaba/autos-e-pecas/carros-vans-e-utilitarios/ecosport-2006-flex-1-6-1104295881;10/11/2022
Publicado em 31/10 às 16:38;cód. 1103946758;17.000;Aceita troca,IPVA pago;Carros, vans e utilitários,FORD FIESTA SUPERCHARGER 1.0 8V 95CV 5P,FORD,Hatch,2006,115000,1.0,Gasolina,Não,Manual,Hidráulica,Prata,4 portas,0;Categoria,Modelo,Marca,Tipo de veículo,Ano,Quilometragem,Potência do motor,Combustível,Kit GNV,Câmbio,Direção,Cor,Portas,Final de placa;Vidro elétrico,Trava elétrica,Alarme,Som;Particular;Uberlândia;https://mg.olx.com.br/regiao-de-uberlandia-e-uberaba/autos-e-pecas/carros-vans-e-utilitarios/fiesta-2006-1103946758;10/11/2022
Publicado em 31/10 às 12:26;cód. 1103844986;35.000;;Carros, vans e utilitários,CHRYSLER PT CRUISER LIMITED 2.4 16V 143CV 4P,CHRYSLER,2006,93000,Automático,Não;Categoria,Modelo,Marca,Ano,Quilometragem,Câmbio,Kit GNV;;Particular;Uberaba;https://mg.olx.com.br/regiao-de-uberlandia-e-uberaba/autos-e-pecas/carros-vans-e-utilitarios/chrysler-pt-cruiser-automatico-ano-2006-1103844986;10/11/2022
Publicado em 31/10 às 09:01;cód. 1103763655;54.990;Aceita troca,IPVA pago;Carros, vans e utilitários,AUDI A3 1.8 TURBO 180CV 5P MEC.,AUDI,Hatch,2006,172,1.8,Gasolina,Não,Manual,Hidráulica,Prata,4 portas,7;Categoria,Modelo,Marca,Tipo de veículo,Ano,Quilometragem,Potência do motor,Combustível,Kit GNV,Câmbio,Direção,Cor,Portas,Final de placa;Vidro elétrico,Air bag,Trava elétrica,Ar condicionado,Alarme,Som;Particular;Uberlândia;https://mg.olx.com.br/regiao-de-uberlandia-e-uberaba/autos-e-pecas/carros-vans-e-utilitarios/a3-1-8t-raridade-1103763655;10/11/2022
Publicado em 30/10 às 20:30;cód. 1103688007;15.000;Aceita troca,IPVA pago;Carros, vans e utilitários,PEUGEOT 206 PRESENCE 1.4/ 1.4 FLEX 8V 5P,PEUGEOT,Hatch,2006,207000,1.4,Flex,Não,Manual,Hidráulica,Prata,4 portas,9;Categoria,Modelo,Marca,Tipo de veículo,Ano,Quilometragem,Potência do motor,Combustível,Kit GNV,Câmbio,Direção,Cor,Portas,Final de placa;Vidro elétrico,Trava elétrica,Som;Particular;Uberlândia;https://mg.olx.com.br/regiao-de-uberlandia-e-uberaba/autos-e-pecas/carros-vans-e-utilitarios/troco-peugeot-2006-1-4-8v-em-outro-carro-1103688007;10/11/2022
Publicado em 29/10 às 17:25;cód. 1103421330;145.000;Aceita troca,IPVA pago;Carros, vans e utilitários,DODGE RAM 2500 H.DUTY 5.9 SLT TDI CS 4X4 DIES.,DODGE,Pick-up,2006,223200,4.0 ou mais,Diesel,Não,Automático,Hidráulica,Prata,2 portas,2;Categoria,Modelo,Marca,Tipo de veículo,Ano,Quilometragem,Potência do motor,Combustível,Kit GNV,Câmbio,Direção,Cor,Portas,Final de placa;Vidro elétrico,Air bag,Trava elétrica,Ar condicionado,Alarme;Particular;Uberaba;https://mg.olx.com.br/regiao-de-uberlandia-e-uberaba/autos-e-pecas/carros-vans-e-utilitarios/dodge-ram-5-9-cs-500cv-1103421330;10/11/2022
Publicado em 29/10 às 13:17;cód. 1103350143;42.500;IPVA pago,Não aceita troca;Carros, vans e utilitários,GM - CHEVROLET S10 P-UP ADVANT. 2.4/2.4 MPFI F.POWER CD,GM - CHEVROLET,Pick-up,2006,11111111,2.0 - 2.9,Gasolina,Não,Manual,Hidráulica,Prata,4 portas,8;Categoria,Modelo,Marca,Tipo de veículo,Ano,Quilometragem,Potência do motor,Combustível,Kit GNV,Câmbio,Direção,Cor,Portas,Final de placa;Vidro elétrico,Ar condicionado,Som;Particular;Uberlândia;https://mg.olx.com.br/regiao-de-uberlandia-e-uberaba/autos-e-pecas/carros-vans-e-utilitarios/vendo-s10-advantage-2006-2-4-1103350143;10/11/2022
Publicado em 29/10 às 11:26;cód. 1103308387;13.000;Com multa,Não aceita troca;Carros, vans e utilitários,FORD FIESTA 1.6 16V FLEX MEC. 5P,FORD,Sedã,2006,250000,1.6,Flex,Não,Manual,Mecânica,Preto,4 portas;Categoria,Modelo,Marca,Tipo de veículo,Ano,Quilometragem,Potência do motor,Combustível,Kit GNV,Câmbio,Direção,Cor,Portas;Trava elétrica;Particular;Uberlândia;https://mg.olx.com.br/regiao-de-uberlandia-e-uberaba/autos-e-pecas/carros-vans-e-utilitarios/fiesta-sedan-1103308387;10/11/2022
Publicado em 26/10 às 13:54;cód. 1101979993;15.000;;Carros, vans e utilitários,VW - VOLKSWAGEN KOMBI ESCOLAR/50 ANOS 1.4 MI TOTAL FLEX,VW - VOLKSWAGEN,2006,100,Manual,Não;Categoria,Modelo,Marca,Ano,Quilometragem,Câmbio,Kit GNV;;Particular;Uberlândia;https://mg.olx.com.br/regiao-de-uberlandia-e-uberaba/autos-e-pecas/carros-vans-e-utilitarios/kombi-2006-1101979993;10/11/2022
Publicado em 25/10 às 21:15;cód. 1101689549;98.500;Aceita troca,IPVA pago;Carros, vans e utilitários,TOYOTA HILUX CD SRV D4-D 4X4 3.0  TDI DIES,TOYOTA,Pick-up,2006,247000,3.0 - 3.9,Diesel,Não,Manual,Hidráulica,Outra,4 portas,1;Categoria,Modelo,Marca,Tipo de veículo,Ano,Quilometragem,Potência do motor,Combustível,Kit GNV,Câmbio,Direção,Cor,Portas,Final de placa;Vidro elétrico,Air bag,Trava elétrica,Ar condicionado,Alarme,Som,Câmera de ré;Particular;Uberlândia;https://mg.olx.com.br/regiao-de-uberlandia-e-uberaba/autos-e-pecas/carros-vans-e-utilitarios/hilux-3-0-srv-4x4-2006-diesel-1101689549;10/11/2022
Publicado em 25/10 às 13:34;cód. 1101502474;None;;Carros, vans e utilitários,FORD ECOSPORT XLS 1.6/ 1.6 FLEX 8V 5P,FORD,2006,170000,1.6,Flex,Não,Manual,Hidráulica,4 portas,2;Categoria,Modelo,Marca,Ano,Quilometragem,Potência do motor,Combustível,Kit GNV,Câmbio,Direção,Portas,Final de placa;;Particular;Patos De Minas;https://mg.olx.com.br/regiao-de-uberlandia-e-uberaba/autos-e-pecas/carros-vans-e-utilitarios/ecosport-1-6-xls-2006-1101502474;10/11/2022
Publicado em 25/10 às 12:31;cód. 1101473030;64.000;Aceita troca,IPVA pago;Carros, vans e utilitários,GM - CHEVROLET S10 BLAZER EXECUTIVE 2.8 4X4 TDI DIESEL,GM - CHEVROLET,Caminhão Leve,2006,11000,2.0 - 2.9,Diesel,Não,Manual,Hidráulica,Prata,4 portas,6;Categoria,Modelo,Marca,Tipo de veículo,Ano,Quilometragem,Potência do motor,Combustível,Kit GNV,Câmbio,Direção,Cor,Portas,Final de placa;Vidro elétrico,Air bag,Trava elétrica,Ar condicionado,Som;Particular;Uberaba;https://mg.olx.com.br/regiao-de-uberlandia-e-uberaba/autos-e-pecas/carros-vans-e-utilitarios/s10-executivo-4x4-diesel-1101473030;10/11/2022
Publicado em 25/10 às 11:20;cód. 1101444255;14.900;Não aceita troca,Único dono;Carros, vans e utilitários,VW - VOLKSWAGEN GOL 1.6 MI POWER TOTAL FLEX 8V 4P,VW - VOLKSWAGEN,Hatch,2006,100000,1.6,Flex,Não,Manual,Elétrica,Branco,4 portas;Categoria,Modelo,Marca,Tipo de veículo,Ano,Quilometragem,Potência do motor,Combustível,Kit GNV,Câmbio,Direção,Cor,Portas;;Particular;Uberaba;https://mg.olx.com.br/regiao-de-uberlandia-e-uberaba/autos-e-pecas/carros-vans-e-utilitarios/gol-1-6-mi-power-2006-oportunidade-unica-1101444255;10/11/2022
Publicado em 25/10 às 09:39;cód. 1101384321;89.500;Aceita troca,IPVA pago;Carros, vans e utilitários,TOYOTA HILUX CD SR D4-D 4X2 3.0 163CV TDI DIES.,TOYOTA,Pick-up,2006,90000,3.0 - 3.9,Diesel,Não,Manual,Hidráulica,Outra,4 portas,8;Categoria,Modelo,Marca,Tipo de veículo,Ano,Quilometragem,Potência do motor,Combustível,Kit GNV,Câmbio,Direção,Cor,Portas,Final de placa;Vidro elétrico,Air bag,Trava elétrica,Ar condicionado,Alarme,Som;Particular;São Gotardo;https://mg.olx.com.br/regiao-de-uberlandia-e-uberaba/autos-e-pecas/carros-vans-e-utilitarios/hailux-2006-4-2-diesel-tratar-1101384321;10/11/2022
Publicado em 24/10 às 18:57;cód. 1101132943;15.900;Aceita troca,IPVA pago;Carros, vans e utilitários,GM - CHEVROLET CLASSIC LIFE/LS 1.0 VHC FLEXP. 4P,GM - CHEVROLET,Sedã,2006,165000,1.0,Flex,Não,Manual,Hidráulica,Preto,4 portas,5;Categoria,Modelo,Marca,Tipo de veículo,Ano,Quilometragem,Potência do motor,Combustível,Kit GNV,Câmbio,Direção,Cor,Portas,Final de placa;Trava elétrica,Ar condicionado,Alarme,Som;Particular;Uberlândia;https://mg.olx.com.br/regiao-de-uberlandia-e-uberaba/autos-e-pecas/carros-vans-e-utilitarios/corsa-classic-completo-1101132943;10/11/2022
Publicado em 24/10 às 13:48;cód. 1100979302;13.500;Aceita troca,IPVA pago;Carros, vans e utilitários,GM - CHEVROLET CLASSIC LIFE/LS 1.0 VHC FLEXP. 4P,GM - CHEVROLET,Sedã,2006,204210,1.0,Gasolina,Não,Manual,Mecânica,Branco,4 portas,4;Categoria,Modelo,Marca,Tipo de veículo,Ano,Quilometragem,Potência do motor,Combustível,Kit GNV,Câmbio,Direção,Cor,Portas,Final de placa;Trava elétrica;Particular;Uberaba;https://mg.olx.com.br/regiao-de-uberlandia-e-uberaba/autos-e-pecas/carros-vans-e-utilitarios/vendo-corsa-classic-1100979302;10/11/2022
Publicado em 24/10 às 10:51;cód. 1078311217;23.500;IPVA pago,Não aceita troca;Carros, vans e utilitários,HONDA FIT LXL 1.4/ 1.4 FLEX 8V/16V 5P MEC.,HONDA,Hatch,2006,150000,1.4,Gasolina,Não,Manual,Elétrica,Outra,4 portas,3;Categoria,Modelo,Marca,Tipo de veículo,Ano,Quilometragem,Potência do motor,Combustível,Kit GNV,Câmbio,Direção,Cor,Portas,Final de placa;Vidro elétrico,Trava elétrica,Ar condicionado,Alarme,Som;Particular;Uberlândia;https://mg.olx.com.br/regiao-de-uberlandia-e-uberaba/autos-e-pecas/carros-vans-e-utilitarios/honda-fit-1-4-completo-1078311217;10/11/2022
Publicado em 24/10 às 10:35;cód. 1100885074;26.000;;Carros, vans e utilitários,VW - VOLKSWAGEN SPACEFOX COMFORTLINE 1.6 MI T.FLEX 8V 5P,VW - VOLKSWAGEN,2006,100000,1.6,Flex,Não,Manual,Hidráulica,4 portas,8;Categoria,Modelo,Marca,Ano,Quilometragem,Potência do motor,Combustível,Kit GNV,Câmbio,Direção,Portas,Final de placa;Vidro elétrico,Trava elétrica,Ar condicionado,Alarme,Som;Particular;Uberlândia;https://mg.olx.com.br/regiao-de-uberlandia-e-uberaba/autos-e-pecas/carros-vans-e-utilitarios/spacefox-1-6-comfortline-2006-2007-1100885074;10/11/2022
Publicado em 23/10 às 11:24;cód. 1097845213;17.500;IPVA pago,Não aceita troca;Carros, vans e utilitários,FORD FIESTA 1.6 8V FLEX/CLASS 1.6 8V FLEX 5P,FORD,Hatch,2006,117000,1.6,Flex,Não,Manual,Hidráulica,Prata,4 portas,3;Categoria,Modelo,Marca,Tipo de veículo,Ano,Quilometragem,Potência do motor,Combustível,Kit GNV,Câmbio,Direção,Cor,Portas,Final de placa;Vidro elétrico,Air bag,Trava elétrica,Alarme,Som;Particular;Uberlândia;https://mg.olx.com.br/regiao-de-uberlandia-e-uberaba/autos-e-pecas/carros-vans-e-utilitarios/fiesta-2006-1097845213;10/11/2022
Publicado em 23/10 às 10:42;cód. 1100556063;14.000;Aceita troca;Carros, vans e utilitários,FIAT UNO MILLE 1.0 FIRE/ F.FLEX/ ECONOMY 2P,FIAT,Hatch,2006,182000,1.0,Flex,Não,Manual,Mecânica,Branco,2 portas,3;Categoria,Modelo,Marca,Tipo de veículo,Ano,Quilometragem,Potência do motor,Combustível,Kit GNV,Câmbio,Direção,Cor,Portas,Final de placa;;Particular;Patrocínio;https://mg.olx.com.br/regiao-de-uberlandia-e-uberaba/autos-e-pecas/carros-vans-e-utilitarios/vende-carro-1100556063;10/11/2022
Publicado em 21/10 às 14:21;cód. 1099880771;9.000;Aceita troca,Carro Financiado,IPVA pago;Carros, vans e utilitários,FORD FIESTA PERSONNALITE 1.0 8V 66CV 5P,FORD,Hatch,2006,170000,1.0,Gasolina,Não,Manual,Mecânica,Preto,4 portas,6;Categoria,Modelo,Marca,Tipo de veículo,Ano,Quilometragem,Potência do motor,Combustível,Kit GNV,Câmbio,Direção,Cor,Portas,Final de placa;;Particular;Uberlândia;https://mg.olx.com.br/regiao-de-uberlandia-e-uberaba/autos-e-pecas/carros-vans-e-utilitarios/vendo-agio-troco-vendo-quitado-1099880771;10/11/2022
Publicado em 20/10 às 20:21;cód. 1099567632;60.000;Aceita troca,IPVA pago;Carros, vans e utilitários,GM - CHEVROLET S10 PICK-UP EXEC. 2.8 4X4 CD TB INT.DIES,GM - CHEVROLET,Pick-up,2006,0,2.0 - 2.9,Diesel,Não,Manual,Hidráulica,Preto,4 portas,6;Categoria,Modelo,Marca,Tipo de veículo,Ano,Quilometragem,Potência do motor,Combustível,Kit GNV,Câmbio,Direção,Cor,Portas,Final de placa;Vidro elétrico,Trava elétrica,Ar condicionado,Alarme;Particular;Uberlândia;https://mg.olx.com.br/regiao-de-uberlandia-e-uberaba/autos-e-pecas/carros-vans-e-utilitarios/s10-executiva-1099567632;10/11/2022
Publicado em 20/10 às 17:40;cód. 1099519096;45.000;Aceita troca,IPVA pago;Carros, vans e utilitários,GM - CHEVROLET S10 P-UP COLINA 2.4/2.4 MPFI F.POWER CS,GM - CHEVROLET,Caminhão Leve,2006,197978,2.0 - 2.9,Gasolina,Não,Manual,Hidráulica,Prata,4 portas,0;Categoria,Modelo,Marca,Tipo de veículo,Ano,Quilometragem,Potência do motor,Combustível,Kit GNV,Câmbio,Direção,Cor,Portas,Final de placa;Vidro elétrico,Air bag,Trava elétrica,Ar condicionado,Alarme,Som;Particular;Uberlândia;https://mg.olx.com.br/regiao-de-uberlandia-e-uberaba/autos-e-pecas/carros-vans-e-utilitarios/venda-1099519096;10/11/2022
Publicado em 20/10 às 12:17;cód. 1099370350;38.000;IPVA pago,Não aceita troca;Carros, vans e utilitários,TOYOTA COROLLA SE-G 1.8/1.8 FLEX 16V AUT.,TOYOTA,Sedã,2006,183583,1.8,Flex,Não,Automático,Hidráulica,Preto,4 portas,5;Categoria,Modelo,Marca,Tipo de veículo,Ano,Quilometragem,Potência do motor,Combustível,Kit GNV,Câmbio,Direção,Cor,Portas,Final de placa;Vidro elétrico,Air bag,Trava elétrica,Ar condicionado,Alarme,Som,Sensor de ré,Câmera de ré;Particular;Patos de Minas;https://mg.olx.com.br/regiao-de-uberlandia-e-uberaba/autos-e-pecas/carros-vans-e-utilitarios/toyota-corolla-se-g-1-8-flex-16v-1099370350;10/11/2022
Publicado em 20/10 às 09:46;cód. 1099292599;63.000;Aceita troca;Carros, vans e utilitários,GM - CHEVROLET S10 BLAZER EXECUTIVE 2.8 4X4 TDI DIESEL,GM - CHEVROLET,Pick-up,2006,111111,2.0 - 2.9,Diesel,Não,Manual,Hidráulica,Branco,4 portas,0;Categoria,Modelo,Marca,Tipo de veículo,Ano,Quilometragem,Potência do motor,Combustível,Kit GNV,Câmbio,Direção,Cor,Portas,Final de placa;Vidro elétrico,Air bag,Trava elétrica,Ar condicionado,Alarme,Som;Particular;Prata;https://mg.olx.com.br/regiao-de-uberlandia-e-uberaba/autos-e-pecas/carros-vans-e-utilitarios/s10-executiva-diesel-1099292599;10/11/2022
Publicado em 18/10 às 19:26;cód. 1098568362;55.000;Aceita troca,IPVA pago;Carros, vans e utilitários,MITSUBISHI L200 SPORT 2.5 4X4 CD TURBO DIESEL,MITSUBISHI,Pick-up,2006,171000,2.0 - 2.9,Diesel,Não,Automático,Hidráulica,Preto,4 portas,0;Categoria,Modelo,Marca,Tipo de veículo,Ano,Quilometragem,Potência do motor,Combustível,Kit GNV,Câmbio,Direção,Cor,Portas,Final de placa;Vidro elétrico,Air bag,Trava elétrica,Ar condicionado;Particular;Centralina;https://mg.olx.com.br/regiao-de-uberlandia-e-uberaba/autos-e-pecas/carros-vans-e-utilitarios/l200-sport-4x4-1098568362;10/11/2022
Publicado em 18/10 às 12:23;cód. 1087151592;64.000;IPVA pago,Não aceita troca;Carros, vans e utilitários,GM - CHEVROLET S10 PICK-UP EXEC. 2.8 4X4 CD TB INT.DIES,GM - CHEVROLET,Pick-up,2006,350000,2.0 - 2.9,Diesel,Não,Manual,Hidráulica,Prata,4 portas,2;Categoria,Modelo,Marca,Tipo de veículo,Ano,Quilometragem,Potência do motor,Combustível,Kit GNV,Câmbio,Direção,Cor,Portas,Final de placa;Vidro elétrico,Trava elétrica,Ar condicionado,Alarme;Particular;Uberlândia;https://mg.olx.com.br/regiao-de-uberlandia-e-uberaba/autos-e-pecas/carros-vans-e-utilitarios/s10-executive-4x4-turbo-eletronic-2006-2-8-diesel-1087151592;10/11/2022
Publicado em 18/10 às 09:04;cód. 1085437154;84.900;Aceita troca;Carros, vans e utilitários,TOYOTA HILUX CD SRV D4-D 4X2 3.0 163CV TDI DIES,TOYOTA,Pick-up,2006,289000,3.0 - 3.9,Diesel,Não,Manual,Hidráulica,Preto,4 portas,0;Categoria,Modelo,Marca,Tipo de veículo,Ano,Quilometragem,Potência do motor,Combustível,Kit GNV,Câmbio,Direção,Cor,Portas,Final de placa;Vidro elétrico,Air bag,Trava elétrica,Ar condicionado,Alarme,Som;Particular;Uberlândia;https://mg.olx.com.br/regiao-de-uberlandia-e-uberaba/autos-e-pecas/carros-vans-e-utilitarios/hilux-3-0-diesel-1085437154;10/11/2022
Publicado em 17/10 às 22:35;cód. 1098144588;27.000;Aceita troca;Carros, vans e utilitários,VW - VOLKSWAGEN CROSSFOX 1.6 MI TOTAL FLEX 8V 5P,VW - VOLKSWAGEN,Hatch,2006,130,1.6,Flex,Não,Manual,Hidráulica,Preto,4 portas;Categoria,Modelo,Marca,Tipo de veículo,Ano,Quilometragem,Potência do motor,Combustível,Kit GNV,Câmbio,Direção,Cor,Portas;Trava elétrica,Alarme,Som;Particular;Perdizes;https://mg.olx.com.br/regiao-de-uberlandia-e-uberaba/autos-e-pecas/carros-vans-e-utilitarios/vendo-ou-troco-por-agio-cross-fox-2006-07-so-pegar-e-andar-1098144588;10/11/2022
Publicado em 17/10 às 14:18;cód. 1097928977;35.000;IPVA pago,Não aceita troca;Carros, vans e utilitários,TOYOTA COROLLA SE-G 1.8/1.8 FLEX 16V AUT.,TOYOTA,Sedã,2006,200000,1.8,Gasolina,Não,Automático,Hidráulica,Preto,4 portas,5;Categoria,Modelo,Marca,Tipo de veículo,Ano,Quilometragem,Potência do motor,Combustível,Kit GNV,Câmbio,Direção,Cor,Portas,Final de placa;Vidro elétrico,Air bag,Trava elétrica,Ar condicionado,Alarme,Som,Sensor de ré;Particular;São Gotardo;https://mg.olx.com.br/regiao-de-uberlandia-e-uberaba/autos-e-pecas/carros-vans-e-utilitarios/corolla-1097928977;10/11/2022
Publicado em 15/10 às 20:07;cód. 1097379647;25.000;Aceita troca,IPVA pago;Carros, vans e utilitários,FORD ECOSPORT XL 1.6/ 1.6 FLEX 8V 5P,FORD,Pick-up,2006,150000,1.6,Gasolina,Não,Manual,Hidráulica,Prata,4 portas,6;Categoria,Modelo,Marca,Tipo de veículo,Ano,Quilometragem,Potência do motor,Combustível,Kit GNV,Câmbio,Direção,Cor,Portas,Final de placa;Vidro elétrico,Air bag,Trava elétrica,Ar condicionado,Alarme,Som;Particular;Uberlândia;https://mg.olx.com.br/regiao-de-uberlandia-e-uberaba/autos-e-pecas/carros-vans-e-utilitarios/vendo-troca-1097379647;10/11/2022
Publicado em 14/10 às 23:09;cód. 1097034338;35.000;Aceita troca,IPVA pago;Carros, vans e utilitários,HONDA CIVIC SEDAN LXL 1.7 16V 130CV AUT 4P,HONDA,Sedã,2006,158000,1.8,Gasolina,Não,Manual,Hidráulica,Cinza,4 portas,1;Categoria,Modelo,Marca,Tipo de veículo,Ano,Quilometragem,Potência do motor,Combustível,Kit GNV,Câmbio,Direção,Cor,Portas,Final de placa;Vidro elétrico,Air bag,Trava elétrica,Ar condicionado,Alarme,Som;Particular;Uberaba;https://mg.olx.com.br/regiao-de-uberlandia-e-uberaba/autos-e-pecas/carros-vans-e-utilitarios/vendo-ou-troco-1097034338;10/11/2022
Publicado em 14/10 às 22:35;cód. 1097026102;15.500;;Carros, vans e utilitários,FIAT SIENA 1.0/ EX 1.0 MPI FIRE/ FIRE FLEX 8V,FIAT,Sedã,2006,210000,1.0,Flex,Não,Manual,Hidráulica,Azul,4 portas;Categoria,Modelo,Marca,Tipo de veículo,Ano,Quilometragem,Potência do motor,Combustível,Kit GNV,Câmbio,Direção,Cor,Portas;;Particular;Uberlândia;https://mg.olx.com.br/regiao-de-uberlandia-e-uberaba/autos-e-pecas/carros-vans-e-utilitarios/com-direcao-hidraulica-1097026102;10/11/2022
Publicado em 14/10 às 13:54;cód. 1096811838;95.000;Aceita troca,IPVA pago;Carros, vans e utilitários,CHRYSLER 300 C 5.7 V8 16V 340CV AUT.,CHRYSLER,Sedã,2006,130000,4.0 ou mais,Gasolina,Não,Automático,Hidráulica,Preto,4 portas,8;Categoria,Modelo,Marca,Tipo de veículo,Ano,Quilometragem,Potência do motor,Combustível,Kit GNV,Câmbio,Direção,Cor,Portas,Final de placa;Vidro elétrico,Air bag,Trava elétrica,Ar condicionado,Alarme,Som,Sensor de ré;Particular;Uberaba;https://mg.olx.com.br/regiao-de-uberlandia-e-uberaba/autos-e-pecas/carros-vans-e-utilitarios/chrysler-300c-5-7-hemi-4p-v8-1096811838;10/11/2022
Publicado em 14/10 às 10:42;cód. 1096710777;27.000;Aceita troca,IPVA pago;Carros, vans e utilitários,FORD FUSION SEL 2.3 16V  162CV AUT.,FORD,Sedã,2006,214000,2.0 - 2.9,Gasolina,Não,Automático,Hidráulica,Preto,4 portas,7;Categoria,Modelo,Marca,Tipo de veículo,Ano,Quilometragem,Potência do motor,Combustível,Kit GNV,Câmbio,Direção,Cor,Portas,Final de placa;;Particular;Uberlândia;https://mg.olx.com.br/regiao-de-uberlandia-e-uberaba/autos-e-pecas/carros-vans-e-utilitarios/venda-ou-troca-1096710777;10/11/2022
Publicado em 12/10 às 17:58;cód. 1095990745;10.000;IPVA pago,Não aceita troca;Carros, vans e utilitários,VW - VOLKSWAGEN GOL TECH 1.0 MI TOTAL FLEX 8V 4P,VW - VOLKSWAGEN,2006,270000,1.0,Flex,Não,Manual,Mecânica,Preto,4 portas,7;Categoria,Modelo,Marca,Ano,Quilometragem,Potência do motor,Combustível,Kit GNV,Câmbio,Direção,Cor,Portas,Final de placa;;Particular;Uberaba;https://mg.olx.com.br/regiao-de-uberlandia-e-uberaba/autos-e-pecas/carros-vans-e-utilitarios/gol-1-0-total-flex-8v-4p-1095990745;10/11/2022
Publicado em 12/10 às 16:23;cód. 1095960420;24.000;;Carros, vans e utilitários,VW - VOLKSWAGEN POLO SPORTLINE I MOTION 1.6 T.FLEX 5P,VW - VOLKSWAGEN,Sedã,2006,1000,1.6,Flex,Não,Manual,Hidráulica,Prata,4 portas;Categoria,Modelo,Marca,Tipo de veículo,Ano,Quilometragem,Potência do motor,Combustível,Kit GNV,Câmbio,Direção,Cor,Portas;Vidro elétrico,Air bag,Trava elétrica,Ar condicionado,Alarme;Particular;Uberlândia;https://mg.olx.com.br/regiao-de-uberlandia-e-uberaba/autos-e-pecas/carros-vans-e-utilitarios/vendo-1095960420;10/11/2022
Publicado em 12/10 às 06:58;cód. 1095775522;6.200;IPVA pago;Carros, vans e utilitários,VW - VOLKSWAGEN GOL 1.6 I MOTI.POWER/HIGHLI T.FLEX 8V 4P,VW - VOLKSWAGEN,2006,0,1.6,Gasolina,Não;Categoria,Modelo,Marca,Ano,Quilometragem,Potência do motor,Combustível,Kit GNV;;Particular;Araguari;https://mg.olx.com.br/regiao-de-uberlandia-e-uberaba/autos-e-pecas/carros-vans-e-utilitarios/motor-ap-1-6-turbo-1095775522;10/11/2022
Publicado em 11/10 às 18:16;cód. 1095605237;29.900;IPVA pago;Carros, vans e utilitários,TOYOTA COROLLA S 1.8 16V 136CV MEC,TOYOTA,Sedã,2006,230420,1.8,Manual,Hidráulica,Preto,4 portas,5,Não;Categoria,Modelo,Marca,Tipo de veículo,Ano,Quilometragem,Potência do motor,Câmbio,Direção,Cor,Portas,Final de placa,Kit GNV;Vidro elétrico,Air bag,Trava elétrica,Ar condicionado,Alarme;Particular;Uberlândia;https://mg.olx.com.br/regiao-de-uberlandia-e-uberaba/autos-e-pecas/carros-vans-e-utilitarios/toyota-corola-2-006-7-1095605237;10/11/2022
Publicado em 11/10 às 16:25;cód. 1095546981;35.500;Aceita troca,IPVA pago;Carros, vans e utilitários,TOYOTA 1.8 XEI 16V FLEX 4P MANUAL,TOYOTA,SUV,2006,180000,1.8,Flex,Não,Manual,Hidráulica,Preto,4 portas,3;Categoria,Modelo,Marca,Tipo de veículo,Ano,Quilometragem,Potência do motor,Combustível,Kit GNV,Câmbio,Direção,Cor,Portas,Final de placa;Vidro elétrico,Air bag,Trava elétrica,Ar condicionado,Alarme,Som;Particular;Carmo do Paranaíba;https://mg.olx.com.br/regiao-de-uberlandia-e-uberaba/autos-e-pecas/carros-vans-e-utilitarios/toyota-fielder-1-8-1095546981;10/11/2022
Publicado em 10/10 às 16:48;cód. 1095069869;28.900;Aceita troca,IPVA pago,Único dono;Carros, vans e utilitários,VW - VOLKSWAGEN CROSSFOX I MOTION 1.6 MI T. FLEX 8V 5P,VW - VOLKSWAGEN,Hatch,2006,98140,1.6,Flex,Não,Manual,Hidráulica,Verde,4 portas,9;Categoria,Modelo,Marca,Tipo de veículo,Ano,Quilometragem,Potência do motor,Combustível,Kit GNV,Câmbio,Direção,Cor,Portas,Final de placa;Vidro elétrico,Air bag,Trava elétrica,Ar condicionado,Alarme,Som;Particular;Uberaba;https://mg.olx.com.br/regiao-de-uberlandia-e-uberaba/autos-e-pecas/carros-vans-e-utilitarios/cross-fox-1-6-1095069869;10/11/2022
Publicado em 10/10 às 10:45;cód. 1094901301;31.000;Aceita troca,IPVA pago;Carros, vans e utilitários,VW - VOLKSWAGEN SAVEIRO SPORTLINE 1.8 MI TOTAL FLEX 8V,VW - VOLKSWAGEN,Pick-up,2006,160000,1.8,Flex,Não,Manual,Hidráulica,Branco,2 portas,1;Categoria,Modelo,Marca,Tipo de veículo,Ano,Quilometragem,Potência do motor,Combustível,Kit GNV,Câmbio,Direção,Cor,Portas,Final de placa;Vidro elétrico,Trava elétrica,Ar condicionado,Alarme,Som;Particular;Uberlândia;https://mg.olx.com.br/regiao-de-uberlandia-e-uberaba/autos-e-pecas/carros-vans-e-utilitarios/vendo-ou-troco-por-carro-do-msm-valor-1094901301;10/11/2022
Publicado em 09/10 às 18:24;cód. 1094704304;16.500;Aceita troca,IPVA pago;Carros, vans e utilitários,VW - VOLKSWAGEN GOL 1.0 TOTAL FLEX 8V 5P (25 ANOS),VW - VOLKSWAGEN,Hatch,2006,150000,Flex,Não,Mecânica,Prata,4 portas,4;Categoria,Modelo,Marca,Tipo de veículo,Ano,Quilometragem,Combustível,Kit GNV,Direção,Cor,Portas,Final de placa;Vidro elétrico,Trava elétrica,Ar condicionado,Alarme,Som;Particular;Uberlândia;https://mg.olx.com.br/regiao-de-uberlandia-e-uberaba/autos-e-pecas/carros-vans-e-utilitarios/gol-g4-2005-2006-completo-menos-direcao-hidraulica-1094704304;10/11/2022
Publicado em 09/10 às 14:41;cód. 1094643432;24.000;Aceita troca,IPVA pago;Carros, vans e utilitários,GM - CHEVROLET ASTRA ADVANTAGE 2.0 MPFI 8V FLEXPOWER 5P,GM - CHEVROLET,Sedã,2006,178000,2.0 - 2.9,Flex,Não,Manual,Hidráulica,Prata,4 portas,1;Categoria,Modelo,Marca,Tipo de veículo,Ano,Quilometragem,Potência do motor,Combustível,Kit GNV,Câmbio,Direção,Cor,Portas,Final de placa;Vidro elétrico,Trava elétrica,Ar condicionado,Alarme,Som;Particular;Uberlândia;https://mg.olx.com.br/regiao-de-uberlandia-e-uberaba/autos-e-pecas/carros-vans-e-utilitarios/vendo-ou-troco-astra-2-0-8v-2006-2007-1094643432;10/11/2022
Publicado em 07/10 às 14:43;cód. 1093920105;28.000;Carro Financiado,IPVA pago,Não aceita troca,Único dono;Carros, vans e utilitários,VW - VOLKSWAGEN CROSSFOX 1.6 MI TOTAL FLEX 8V 5P,VW - VOLKSWAGEN,Conversível,2006,250,1.6,Flex,Não,Manual,Hidráulica,Preto,4 portas,7;Categoria,Modelo,Marca,Tipo de veículo,Ano,Quilometragem,Potência do motor,Combustível,Kit GNV,Câmbio,Direção,Cor,Portas,Final de placa;;Particular;Perdizes;https://mg.olx.com.br/regiao-de-uberlandia-e-uberaba/autos-e-pecas/carros-vans-e-utilitarios/crossfox-1-6-flex-1093920105;10/11/2022
Publicado em 06/10 às 13:28;cód. 1093429179;20.000;Carro Financiado,IPVA pago,Não aceita troca;Carros, vans e utilitários,PEUGEOT 407 SEDAN 2.0 16V  138CV 4P AUT.,PEUGEOT,Sedã,2006,165000,Gasolina,Não,Automático,Hidráulica,Outra,4 portas,4;Categoria,Modelo,Marca,Tipo de veículo,Ano,Quilometragem,Combustível,Kit GNV,Câmbio,Direção,Cor,Portas,Final de placa;Vidro elétrico,Air bag,Trava elétrica,Ar condicionado,Alarme;Particular;Uberlândia;https://mg.olx.com.br/regiao-de-uberlandia-e-uberaba/autos-e-pecas/carros-vans-e-utilitarios/vendo-peugeot-407-ano-2006-1093429179;10/11/2022
Publicado em 05/10 às 13:19;cód. 1092869225;55.000;Aceita troca,IPVA pago;Carros, vans e utilitários,MITSUBISHI L200 SPORT HPE 2.5 4X4 CD DTI DIES. MEC.,MITSUBISHI,Pick-up,2006,160000,2.0 - 2.9,Diesel,Não,Manual,Hidráulica,Prata;Categoria,Modelo,Marca,Tipo de veículo,Ano,Quilometragem,Potência do motor,Combustível,Kit GNV,Câmbio,Direção,Cor;Vidro elétrico,Trava elétrica,Ar condicionado,Alarme,Som,Sensor de ré,Câmera de ré;Particular;Uberlândia;https://mg.olx.com.br/regiao-de-uberlandia-e-uberaba/autos-e-pecas/carros-vans-e-utilitarios/camionete-160k-rodados-1092869225;10/11/2022
Publicado em 05/10 às 04:59;cód. 1092711187;18.800;IPVA pago,Não aceita troca;Carros, vans e utilitários,CITROEN XSARA BREAK EXCLUSIVE 2.0 16V,CITROEN,SUV,2006,135600,2.0 - 2.9,Gasolina,Não,Manual,Hidráulica,Cinza,4 portas,5;Categoria,Modelo,Marca,Tipo de veículo,Ano,Quilometragem,Potência do motor,Combustível,Kit GNV,Câmbio,Direção,Cor,Portas,Final de placa;Vidro elétrico,Air bag,Trava elétrica,Som;Particular;Uberlândia;https://mg.olx.com.br/regiao-de-uberlandia-e-uberaba/autos-e-pecas/carros-vans-e-utilitarios/citroen-xsara-picasso-1092711187;10/11/2022
Publicado em 04/10 às 19:38;cód. 1092638317;45.000;Aceita troca;Carros, vans e utilitários,FIAT DUCATO COMBINATO 2.8 TURBO DIESEL,FIAT,Van/Utilitário,2006,0,2.0 - 2.9,Diesel,Não,Manual,Hidráulica,Branco,6;Categoria,Modelo,Marca,Tipo de veículo,Ano,Quilometragem,Potência do motor,Combustível,Kit GNV,Câmbio,Direção,Cor,Final de placa;;Particular;Uberlândia;https://mg.olx.com.br/regiao-de-uberlandia-e-uberaba/autos-e-pecas/carros-vans-e-utilitarios/vende-se-van-furgao-1092638317;10/11/2022
Publicado em 04/10 às 18:05;cód. 1092614438;25.000;Não aceita troca;Carros, vans e utilitários,FIAT FIORINO FURG.1.5/1.3/1.3 FIRE/1.3 F.FLEX,FIAT,Van/Utilitário,2006,460000,1.3,Gasolina,Não,Manual,Mecânica,Branco,2 portas,8;Categoria,Modelo,Marca,Tipo de veículo,Ano,Quilometragem,Potência do motor,Combustível,Kit GNV,Câmbio,Direção,Cor,Portas,Final de placa;Som;Particular;Araxá;https://mg.olx.com.br/regiao-de-uberlandia-e-uberaba/autos-e-pecas/carros-vans-e-utilitarios/fiorino-furgao-2005-06-1092614438;10/11/2022
Publicado em 04/10 às 16:06;cód. 1092572750;17.000;Não aceita troca;Carros, vans e utilitários,VW - VOLKSWAGEN FOX PLUS 1.0MI/ 1.0MI TOTAL FLEX 8V 4P,VW - VOLKSWAGEN,2006,142000,1.0,Flex,Não,Manual,Mecânica,Prata,4 portas,2;Categoria,Modelo,Marca,Ano,Quilometragem,Potência do motor,Combustível,Kit GNV,Câmbio,Direção,Cor,Portas,Final de placa;;Particular;Ituiutaba;https://mg.olx.com.br/regiao-de-uberlandia-e-uberaba/autos-e-pecas/carros-vans-e-utilitarios/fox-2006-2006-1092572750;10/11/2022
Publicado em 02/10 às 18:15;cód. 1091848031;208.000;Aceita troca;Carros, vans e utilitários,PEUGEOT BOXER 2.8 FURG. TB DIES. MED/LONGOT.ALTO,PEUGEOT,Van/Utilitário,2006,363000,2.0 - 2.9,Diesel,Não,Manual,Hidráulica,Branco,2 portas,5;Categoria,Modelo,Marca,Tipo de veículo,Ano,Quilometragem,Potência do motor,Combustível,Kit GNV,Câmbio,Direção,Cor,Portas,Final de placa;Vidro elétrico,Trava elétrica,Ar condicionado,Alarme,Som,Câmera de ré;Particular;Uberlândia;https://mg.olx.com.br/regiao-de-uberlandia-e-uberaba/autos-e-pecas/carros-vans-e-utilitarios/motorhome-boxer-2006-1091848031;10/11/2022
Publicado em 02/10 às 09:56;cód. 1091750059;17.000;IPVA pago,Não aceita troca;Carros, vans e utilitários,FORD 1.6 SE HATCH 16V FLEX 4P POWERSHIFT,FORD,Hatch,2006,102000,1.6,Flex,Não,Manual,Hidráulica,Preto,4 portas,5;Categoria,Modelo,Marca,Tipo de veículo,Ano,Quilometragem,Potência do motor,Combustível,Kit GNV,Câmbio,Direção,Cor,Portas,Final de placa;Vidro elétrico,Trava elétrica,Alarme,Som;Particular;Uberaba;https://mg.olx.com.br/regiao-de-uberlandia-e-uberaba/autos-e-pecas/carros-vans-e-utilitarios/fiesta-2006-1091750059;10/11/2022
Publicado em 29/09 às 16:54;cód. 1090823217;6.000;Aceita troca;Carros, vans e utilitários,FORD FIESTA SED. SUPERCHARGER 1.0 8V 4P,FORD,Pick-up,2006,157000000,Gasolina,Outra,9;Categoria,Modelo,Marca,Tipo de veículo,Ano,Quilometragem,Combustível,Cor,Final de placa;Vidro elétrico,Air bag,Trava elétrica,Ar condicionado,Alarme,Som;Particular;Uberlândia;https://mg.olx.com.br/regiao-de-uberlandia-e-uberaba/autos-e-pecas/carros-vans-e-utilitarios/vendo-um-agio-de-um-fiesta-sedam-supercharger-completo-1090823217;10/11/2022
Publicado em 27/09 às 18:00;cód. 1089903897;26.900;IPVA pago;Carros, vans e utilitários,VW - VOLKSWAGEN CROSSFOX  1.6 T. FLEX 16V 5P,VW - VOLKSWAGEN,SUV,2006,138000,1.6,Flex,Não,Manual,Hidráulica,Preto,4 portas,6;Categoria,Modelo,Marca,Tipo de veículo,Ano,Quilometragem,Potência do motor,Combustível,Kit GNV,Câmbio,Direção,Cor,Portas,Final de placa;Vidro elétrico,Trava elétrica,Ar condicionado;Particular;Uberaba;https://mg.olx.com.br/regiao-de-uberlandia-e-uberaba/autos-e-pecas/carros-vans-e-utilitarios/cross-fox-volkswagen-2006-flex-1089903897;10/11/2022
Publicado em 27/09 às 17:16;cód. 1089878045;19.900;Não aceita troca;Carros, vans e utilitários,VW - VOLKSWAGEN POLO 1.6 MI/S.OURO 1.6 MI TOT.FLEX 8V 5P,VW - VOLKSWAGEN,Hatch,2006,195000,1.6,Flex,Não,Manual,Hidráulica,Preto,4 portas,8;Categoria,Modelo,Marca,Tipo de veículo,Ano,Quilometragem,Potência do motor,Combustível,Kit GNV,Câmbio,Direção,Cor,Portas,Final de placa;Ar condicionado,Som;Particular;Uberaba;https://mg.olx.com.br/regiao-de-uberlandia-e-uberaba/autos-e-pecas/carros-vans-e-utilitarios/polo-2006-1089878045;10/11/2022
Publicado em 27/09 às 15:52;cód. 1089828378;32.000;IPVA pago,Não aceita troca;Carros, vans e utilitários,TOYOTA COROLLA XEI 1.8/1.8 FLEX 16V AUT.,TOYOTA,Sedã,2006,157000,1.8,Gasolina,Não,Automático,Hidráulica,Prata,4 portas,9;Categoria,Modelo,Marca,Tipo de veículo,Ano,Quilometragem,Potência do motor,Combustível,Kit GNV,Câmbio,Direção,Cor,Portas,Final de placa;Vidro elétrico,Air bag,Trava elétrica,Ar condicionado,Alarme,Som,Câmera de ré;Particular;Uberaba;https://mg.olx.com.br/regiao-de-uberlandia-e-uberaba/autos-e-pecas/carros-vans-e-utilitarios/corolla-xei-1-8-automatico-05-06-1089828378;10/11/2022
Publicado em 26/09 às 21:57;cód. 1089462640;100.000;Aceita troca,IPVA pago;Carros, vans e utilitários,TOYOTA HILUX SW4 SRV D4-D 4X4 3.0 TDI DIES. AUT,TOYOTA,SUV,2006,264100,3.0 - 3.9,Diesel,Não,Automático,Hidráulica,Prata,4 portas,0;Categoria,Modelo,Marca,Tipo de veículo,Ano,Quilometragem,Potência do motor,Combustível,Kit GNV,Câmbio,Direção,Cor,Portas,Final de placa;Vidro elétrico,Air bag,Trava elétrica,Ar condicionado,Alarme,Som,Câmera de ré;Particular;Araxá;https://mg.olx.com.br/regiao-de-uberlandia-e-uberaba/autos-e-pecas/carros-vans-e-utilitarios/hilux-sw4-diesel-automatica-1089462640;10/11/2022
Publicado em 26/09 às 12:02;cód. 1089186649;65.000;Aceita troca,IPVA pago;Carros, vans e utilitários,GM - CHEVROLET S10 P-UP 2.8/SERT. 2.8 4X4 TB INT. DIES.,GM - CHEVROLET,Pick-up,2006,220000,2.0 - 2.9,Diesel,Não,Manual,Hidráulica,Preto,2 portas,5;Categoria,Modelo,Marca,Tipo de veículo,Ano,Quilometragem,Potência do motor,Combustível,Kit GNV,Câmbio,Direção,Cor,Portas,Final de placa;;Particular;Uberlândia;https://mg.olx.com.br/regiao-de-uberlandia-e-uberaba/autos-e-pecas/carros-vans-e-utilitarios/gm-s10-4x4-2006-turbo-diesel-1089186649;10/11/2022
Publicado em 24/09 às 10:18;cód. 1088511600;27.000;IPVA pago;Carros, vans e utilitários,GM - CHEVROLET VECTRA ELEGAN. 2.0 MPFI 8V FLEXPOWER MEC,GM - CHEVROLET,Sedã,2006,140000,2.0 - 2.9,Flex,Não,Manual,Hidráulica,Preto,4 portas,5;Categoria,Modelo,Marca,Tipo de veículo,Ano,Quilometragem,Potência do motor,Combustível,Kit GNV,Câmbio,Direção,Cor,Portas,Final de placa;Vidro elétrico,Air bag,Trava elétrica,Ar condicionado,Alarme;Particular;Patrocínio;https://mg.olx.com.br/regiao-de-uberlandia-e-uberaba/autos-e-pecas/carros-vans-e-utilitarios/vectra-2006-completo--1088511600;10/11/2022
Publicado em 22/09 às 19:56;cód. 1087871261;27.000;Aceita troca;Carros, vans e utilitários,GM - CHEVROLET VECTRA ELITE 2.4 MPFI 16V FLEXPOWER AUT.,GM - CHEVROLET,Sedã,2006,220000,2.0 - 2.9,Flex,Não,Automático,Hidráulica,Prata,4 portas,0;Categoria,Modelo,Marca,Tipo de veículo,Ano,Quilometragem,Potência do motor,Combustível,Kit GNV,Câmbio,Direção,Cor,Portas,Final de placa;Vidro elétrico,Air bag,Trava elétrica,Ar condicionado,Alarme,Som;Particular;Uberlândia;https://mg.olx.com.br/regiao-de-uberlandia-e-uberaba/autos-e-pecas/carros-vans-e-utilitarios/vectra-elite-2006-1087871261;10/11/2022
Publicado em 21/09 às 03:47;cód. 1086988612;17.000;IPVA pago,Não aceita troca;Carros, vans e utilitários,GM - CHEVROLET CORSA HAT. JOY 1.0/ 1.0 FLEXPOWER 8V 5P,GM - CHEVROLET,Hatch,2006,150000,1.0,Flex,Não,Manual,Mecânica,Prata,4 portas,2;Categoria,Modelo,Marca,Tipo de veículo,Ano,Quilometragem,Potência do motor,Combustível,Kit GNV,Câmbio,Direção,Cor,Portas,Final de placa;Vidro elétrico,Trava elétrica,Ar condicionado,Alarme;Particular;Ituiutaba;https://mg.olx.com.br/regiao-de-uberlandia-e-uberaba/autos-e-pecas/carros-vans-e-utilitarios/corsa-joy-bem-conservado-1086988612;10/11/2022
Publicado em 20/09 às 23:00;cód. 1086947807;17.000;IPVA pago;Carros, vans e utilitários,GM - CHEVROLET CORSA HAT. JOY 1.0/ 1.0 FLEXPOWER 8V 5P,GM - CHEVROLET,Hatch,2006,150000,1.0,Flex,Não,Manual,Mecânica,Prata,4 portas,2;Categoria,Modelo,Marca,Tipo de veículo,Ano,Quilometragem,Potência do motor,Combustível,Kit GNV,Câmbio,Direção,Cor,Portas,Final de placa;Vidro elétrico,Trava elétrica,Ar condicionado,Alarme;Particular;Ituiutaba;https://mg.olx.com.br/regiao-de-uberlandia-e-uberaba/autos-e-pecas/carros-vans-e-utilitarios/corsa-joy-1086947807;10/11/2022
Publicado em 20/09 às 12:01;cód. 1086611023;80.000;Aceita troca;Carros, vans e utilitários,TROLLER T-4 4X4 3.0 TB INT. CAP. RÍGIDA DIESEL,TROLLER,2006,144000,3.0 - 3.9,Diesel,Não,Manual,Hidráulica,Verde,2 portas,2;Categoria,Modelo,Marca,Ano,Quilometragem,Potência do motor,Combustível,Kit GNV,Câmbio,Direção,Cor,Portas,Final de placa;Vidro elétrico,Trava elétrica,Ar condicionado,Alarme,Som;Particular;Patrocínio;https://mg.olx.com.br/regiao-de-uberlandia-e-uberaba/autos-e-pecas/carros-vans-e-utilitarios/vende-se-ou-troca-troller-3-0-1086611023;10/11/2022
Publicado em 18/09 às 20:22;cód. 1085967548;23.000;IPVA pago,Não aceita troca;Carros, vans e utilitários,VW - VOLKSWAGEN POLO SPORTLINE 1.6 MI TOTAL FLEX 8V 5P,VW - VOLKSWAGEN,Hatch,2006,106000,1.6,Flex,Não,Manual,Hidráulica,Prata,4 portas;Categoria,Modelo,Marca,Tipo de veículo,Ano,Quilometragem,Potência do motor,Combustível,Kit GNV,Câmbio,Direção,Cor,Portas;Vidro elétrico,Trava elétrica,Ar condicionado,Alarme,Som;Particular;Uberlândia;https://mg.olx.com.br/regiao-de-uberlandia-e-uberaba/autos-e-pecas/carros-vans-e-utilitarios/carro-1085967548;10/11/2022
Publicado em 16/09 às 09:34;cód. 1085029509;14.500;IPVA pago,Não aceita troca;Carros, vans e utilitários,FIAT PALIO EDX 1.0 MPI 4P,FIAT,Hatch,2006,190000,1.0,Flex,Não,Manual,Mecânica,Prata,4 portas,8;Categoria,Modelo,Marca,Tipo de veículo,Ano,Quilometragem,Potência do motor,Combustível,Kit GNV,Câmbio,Direção,Cor,Portas,Final de placa;Trava elétrica,Alarme,Som;Particular;Uberlândia;https://mg.olx.com.br/regiao-de-uberlandia-e-uberaba/autos-e-pecas/carros-vans-e-utilitarios/vendo-palio-fire-flex-2005-2006-prata-leia-o-anuncio-1085029509;10/11/2022
Publicado em 14/09 às 20:50;cód. 1081823106;99.000;Aceita troca,Carro Financiado,IPVA pago;Carros, vans e utilitários,TOYOTA HILUX CD SRV D4-D 4X4 3.0 TDI DIESEL AUT,TOYOTA,Pick-up,2006,288000,3.0 - 3.9,Diesel,Não,Automático,Hidráulica,Outra,4 portas,6;Categoria,Modelo,Marca,Tipo de veículo,Ano,Quilometragem,Potência do motor,Combustível,Kit GNV,Câmbio,Direção,Cor,Portas,Final de placa;Vidro elétrico,Air bag,Trava elétrica,Ar condicionado,Alarme,Som,Câmera de ré;Particular;Monte Carmelo;https://mg.olx.com.br/regiao-de-uberlandia-e-uberaba/autos-e-pecas/carros-vans-e-utilitarios/vendo-hilux-cd4x4-srv-1081823106;10/11/2022
Publicado em 14/09 às 10:44;cód. 1084061603;22.000;IPVA pago,Não aceita troca;Carros, vans e utilitários,GM - CHEVROLET ASTRA COMFORT 2.0 MPFI FLEXPOWER 8V 5P,GM - CHEVROLET,2006,0,2.0 - 2.9,Flex,Não,Manual,Hidráulica,Preto,2 portas,2;Categoria,Modelo,Marca,Ano,Quilometragem,Potência do motor,Combustível,Kit GNV,Câmbio,Direção,Cor,Portas,Final de placa;;Particular;Uberlândia;https://mg.olx.com.br/regiao-de-uberlandia-e-uberaba/autos-e-pecas/carros-vans-e-utilitarios/astra-1084061603;10/11/2022
Publicado em 14/09 às 09:40;cód. 1066169844;60.000;Não aceita troca;Carros, vans e utilitários,GM - CHEVROLET S10 P-UP COLINA 2.8 TDI 4X2/4X4 CD DIES.,GM - CHEVROLET,Pick-up,2006,300000,2.0 - 2.9,Diesel,Não,Manual,Hidráulica,Prata,4 portas,0;Categoria,Modelo,Marca,Tipo de veículo,Ano,Quilometragem,Potência do motor,Combustível,Kit GNV,Câmbio,Direção,Cor,Portas,Final de placa;Vidro elétrico,Ar condicionado;Particular;Uberlândia;https://mg.olx.com.br/regiao-de-uberlandia-e-uberaba/autos-e-pecas/carros-vans-e-utilitarios/s10-colina-2006-1066169844;10/11/2022
Publicado em 14/09 às 06:49;cód. 1083978705;15.000;Aceita troca,IPVA pago;Carros, vans e utilitários,CITROEN XSARA EXCLUSIVE 1.6 16V 5P MEC.,CITROEN,SUV,2006,185000,1.6,Flex,Não,Manual,Hidráulica,Preto,4 portas,3;Categoria,Modelo,Marca,Tipo de veículo,Ano,Quilometragem,Potência do motor,Combustível,Kit GNV,Câmbio,Direção,Cor,Portas,Final de placa;Vidro elétrico,Trava elétrica,Ar condicionado;Particular;Uberlândia;https://mg.olx.com.br/regiao-de-uberlandia-e-uberaba/autos-e-pecas/carros-vans-e-utilitarios/citroen-picasso-1-6-flex-completo-manual-1083978705;10/11/2022
Publicado em 11/09 às 19:33;cód. 1082925840;26.500;;Carros, vans e utilitários,VW - VOLKSWAGEN FOX PLUS 1.6MI/ 1.6MI TOTAL FLEX 8V 4P,VW - VOLKSWAGEN,Sedã,2006,145000,1.6,Flex,Não,Manual,Hidráulica,Prata,4 portas,2;Categoria,Modelo,Marca,Tipo de veículo,Ano,Quilometragem,Potência do motor,Combustível,Kit GNV,Câmbio,Direção,Cor,Portas,Final de placa;Vidro elétrico,Ar condicionado,Alarme,Som;Particular;Uberaba;https://mg.olx.com.br/regiao-de-uberlandia-e-uberaba/autos-e-pecas/carros-vans-e-utilitarios/fox-plus-1-6-2006-1082925840;10/11/2022
Publicado em 11/09 às 18:38;cód. 1082911082;16.000;Aceita troca,IPVA pago,Único dono;Carros, vans e utilitários,RENAULT SCENIC SPORTWAY HI-FLEX 1.6 16V 5P,RENAULT,SUV,2006,250000,1.6,Flex,Não,Manual,Mecânica,Cinza,4 portas,1;Categoria,Modelo,Marca,Tipo de veículo,Ano,Quilometragem,Potência do motor,Combustível,Kit GNV,Câmbio,Direção,Cor,Portas,Final de placa;Vidro elétrico,Air bag,Trava elétrica,Ar condicionado,Alarme,Som;Particular;Uberlândia;https://mg.olx.com.br/regiao-de-uberlandia-e-uberaba/autos-e-pecas/carros-vans-e-utilitarios/renault-scenic-1082911082;10/11/2022
Publicado em 11/09 às 18:03;cód. 1082904198;14.000;Aceita troca;Carros, vans e utilitários,FIAT UNO MILLE WAY ECONOMY 1.0 F.FLEX 2P,FIAT,Hatch,2006,180000,1.0,Flex,Manual,Mecânica,2 portas,3;Categoria,Modelo,Marca,Tipo de veículo,Ano,Quilometragem,Potência do motor,Combustível,Câmbio,Direção,Portas,Final de placa;;Particular;Patrocínio;https://mg.olx.com.br/regiao-de-uberlandia-e-uberaba/autos-e-pecas/carros-vans-e-utilitarios/fiat-uno-1082904198;10/11/2022
Publicado em 11/09 às 11:06;cód. 1082775158;14.000;Aceita troca,IPVA pago;Carros, vans e utilitários,VW - VOLKSWAGEN GOL (NOVO) 1.0 MI TOTAL FLEX 8V 4P,VW - VOLKSWAGEN,Sedã,2006,18000000,1.0,Flex,Manual,Mecânica,Preto,4 portas,5;Categoria,Modelo,Marca,Tipo de veículo,Ano,Quilometragem,Potência do motor,Combustível,Câmbio,Direção,Cor,Portas,Final de placa;Vidro elétrico,Ar condicionado;Particular;Uberlândia;https://mg.olx.com.br/regiao-de-uberlandia-e-uberaba/autos-e-pecas/carros-vans-e-utilitarios/vendo-gol-g4-ou-troco-por-moto-1082775158;10/11/2022
